27FOUR,R2035   ,R2035 REPUBLIC OF SOUTH AFRICA 8.875% 28/02/2035            ,ZAR,00010000000.0000
27FOUR,SIB1    ,STANLIB INCOME FUND (CLASS B1)                              ,ZAR,00039315182.3399
27FOUR,STDCUR01,STANDARD BANK ZAR                                           ,ZAR,00000362508.1100
27FOUR,STDCUR01,STANDARD BANK ZAR - Receivables                             ,ZAR,00009750426.0000
27FOUR,STDCUR01,STANDARD BANK ZAR - NET SETTLEMENTS                         ,ZAR,-0019173440.0000
ACSASL,I2029M7 ,I2029 REPUBLIC OF SOUTH AFRICA 1.875% 31/03/2029            ,ZAR,00050000000.0000
ACSASL,R210M7  ,R210 REPUBLIC OF SOUTH AFRICA CPI 2.60% 31/03/2028          ,ZAR,00094254000.0000
ACSASL,SIB1    ,STANLIB INCOME FUND (CLASS B1)                              ,ZAR,00181869356.9308
ACSASL,SIMMB4  ,STANLIB INSTITUTIONAL MONEY MARKET FUND CLASS B4            ,ZAR,00000039847.8900
ACSASL,STDCUR01,STANDARD BANK ZAR                                           ,ZAR,00000680637.5300
ACSASL,STDCUR01,STANDARD BANK ZAR - NET SETTLEMENTS                         ,ZAR,-0224685099.5900
ACSASL,XXSFTR  ,FUT MKT VALUE CONTRA                                        ,ZAR,00000000003.0300
ARCPEN,AA05    ,AA05 ANGLO AMERICAN SA FINANCE LTD 9.27% 22/03/2019         ,ZAR,00000075789.0000
ARCPEN,AA07    ,ANGLO AMERICAN SA FINANCE LTD 9.49% 15/04/2021              ,ZAR,00000182434.0000
ARCPEN,AB013   ,ABSA BANK LIMITED 8.295% 21/11/2018                         ,ZAR,00000067236.0000
ARCPEN,ABK2    ,AFRICAN BANK 9.50% 24/05/2018                               ,ZAR,00000007200.0000
ARCPEN,ABKI03M7,AFRICAN BANK LIMITED CPI 3.20% 13/10/2021                   ,ZAR,00000810400.0000
ARCPEN,ABKS1A  ,AFRICAN BANK LIMITED 3M JIBAR + 725BPS 05/04/2021           ,ZAR,00000111242.2100
ARCPEN,ABL SENT,AFRICAN BANK SENIOR TRANSFERABLE STUB                       ,ZAR,00000113673.9790
ARCPEN,ABL SUB ,AFRICAN BANK SUBORDINATED STUB                              ,ZAR,00000272991.0000
ARCPEN,ABS10   ,ABS10 ABSA BANK LIMITED 9.88% 17/03/2018                    ,ZAR,00000077784.0000
ARCPEN,ABS12   ,ABSA BANK LTD 9.26% 14/05/2020                              ,ZAR,00000086797.0000
ARCPEN,ABS13A  ,ABSA BANK LTD 9.675% 14/05/2022                             ,ZAR,00000200005.0000
ARCPEN,ABS6    ,ABSA 8.20% 01/06/2020                                       ,ZAR,00000002134.0000
ARCPEN,ABS7    ,ABSA 8.80% 11/09/2026                                       ,ZAR,00000190245.0000
ARCPEN,AIR01   ,AIRPORTS COMPANY OF SOUTH AFRICA 8.58% 15/03/2019           ,ZAR,00000159816.0000
ARCPEN,AIR02   ,AIR02 AIRPORTS COMPANY SA LTD 11.68% 30/04/2023             ,ZAR,00000045762.0000
ARCPEN,AIR04   ,AIRPORTS COMPANY OF SA 9.25% 29/05/2024                     ,ZAR,00000071371.0000
ARCPEN,AIRL01M7,AIRPORTS COMPANY SOUTH AFRICA CPI BOND 3.64% 30/04/2028     ,ZAR,00002975355.0000
ARCPEN,BAW11   ,BARLOW 9.8% 01/10/2018                                      ,ZAR,00000190984.0000
ARCPEN,BAW18   ,BARLOWORLD LIMITED 3MONTH JIBAR+170BPS 05/12/2020           ,ZAR,00000032363.0000
ARCPEN,BAW21A  ,BARLOW  WORLD 9.295% 24/03/2022                             ,ZAR,00000026821.0000
ARCPEN,CCT01   ,CCT01 CITY OF CAPE TOWN 12.57% 23/06/2023                   ,ZAR,00000001295.0000
ARCPEN,CCT02   ,CCT02 CITY OF CAPE TOWN 11.615% 12/06/2024                  ,ZAR,00000080375.0000
ARCPEN,CCT03   ,CITY OF CAPE TOWN 11.16% 15/03/2025                         ,ZAR,00000761582.0000
ARCPEN,CLN362  ,STANDARD BANK CLN ESKOM 10.55% 20/03/2024                   ,ZAR,00000026821.0000
ARCPEN,COJ04   ,CITY OF JHB 9% 05/06/2018                                   ,ZAR,00000017801.0000
ARCPEN,COJ07   ,CITY OF JHB 10.78% 23/03/2021                               ,ZAR,00000308439.0000
ARCPEN,COJ08   ,CITY OF JOHANNESBURG METROPOLITAN 11.455% 22/06/2026        ,ZAR,00000251652.0000
ARCPEN,COJG01  ,CITY OF JHB METRO 10.18% 09/06/2024                         ,ZAR,00000761030.0000
ARCPEN,COT01   ,CITY OF TSHWANE 9.110% 03/04/2023                           ,ZAR,00000414127.0000
ARCPEN,DV2021  ,DEVELOPMENT BANK OF SA 9.03% 18/06/2021                     ,ZAR,00000202434.0000
ARCPEN,DV22    ,DEV BANK 9.45% 15/06/2020                                   ,ZAR,00000380364.0000
ARCPEN,DV23    ,DEV BANK 10.00% 27/02/2023                                  ,ZAR,00000044929.0000
ARCPEN,DV24    ,DEVELOPMENT BANK OF SA 9.69% 18/02/2024                     ,ZAR,00000149868.0000
ARCPEN,DV29    ,DEVELOPMENT BANK OF SA 10.10% 18/02/2029                    ,ZAR,00000456612.0000
ARCPEN,E170    ,ESKOM 13.5% 01 AUG 2020                                     ,ZAR,00000000578.0000
ARCPEN,EMM06A  ,EKURULNI METROPOLITAN MUNICIPALITY 10.25% 23/06/2025        ,ZAR,00000368665.6300
ARCPEN,ES18    ,ESKOM 9.25% 20/04/2018                                      ,ZAR,00000071409.0000
ARCPEN,ES23    ,ESKOM 10.00% 25/01/2023                                     ,ZAR,00000110337.0000
ARCPEN,ES26    ,ESKOM 7.85% 02/04/2026                                      ,ZAR,00000495299.0000
ARCPEN,ES33    ,ESKOM 7.50% 15/09/2033                                      ,ZAR,00002716397.0000
ARCPEN,ES42    ,ESKOM 8.5% 25/04/2042                                       ,ZAR,00000728493.0000
ARCPEN,FRB05   ,FIRSTRAND 8.5% 21/12/2018                                   ,ZAR,00000125313.0000
ARCPEN,FRBC21  ,FIRSTRAND 12% 21/12/2018 (STEP UP DATE)                     ,ZAR,00000280660.0000
ARCPEN,FRBI25M7,FIRSTRAND BANK CPI LINKED 2% 31/01/2025                     ,ZAR,00000616902.0000
ARCPEN,FRS119M7,FIRSTRAND BANK CPI 2.25% 31/01/2038                         ,ZAR,00001069613.0000
ARCPEN,FRS136M7,FIRSTRAND BANK CPI 2.25% 31/01/2038                         ,ZAR,00001269390.0000
ARCPEN,FRS49   ,FIRSTRAND JBR+170BPS 27/10/2020                             ,ZAR,00000016787.0000
ARCPEN,FRX18   ,FIRSTRAND 10.50% 14/04/2018                                 ,ZAR,00000021724.0000
ARCPEN,FRX19   ,FIRSTRAND 9.00% 15/11/2019                                  ,ZAR,00000152169.0000
ARCPEN,FRX24   ,FIRSTRAND 10.75% 10/12/2024                                 ,ZAR,00000047433.0000
ARCPEN,HWAY20  ,SA NATIONAL ROADS AGENCY LTD 9.75% 31/07/2020               ,ZAR,00000130091.0000
ARCPEN,HWAY34  ,SA NATIONAL ROADS AGENCY LTD 9.25% 31/07/2034               ,ZAR,00000373471.0000
ARCPEN,I2025M7 ,I2025 REPUBLIC OF SOUTH AFRICA 2.000% 31/01/2025            ,ZAR,00000002912.0000
ARCPEN,I2038M7 ,I2038 REPUBLIC OF SOUTH AFRICA 2.250% 31/01/2038            ,ZAR,00001638271.0000
ARCPEN,I2046M7 ,I2046 REPUBLIC OF SOUTH AFRICA 2.500% 31/12/2046            ,ZAR,00002603394.0000
ARCPEN,I2050M7 ,I2050 REPUBLIC OF SOUTH AFRICA 2.500% 31/12/2050            ,ZAR,00002953438.0000
ARCPEN,IBL45   ,INVESTEC IBL45 8% 21/12/2018                                ,ZAR,00000080463.0000
ARCPEN,IBL46   ,INVESTEC IBL46 7.25% 15/01/2020                             ,ZAR,00000158688.0000
ARCPEN,IBL49   ,INVESTEC IBL49 7.335% 02/04/2018                            ,ZAR,00000084892.0000
ARCPEN,IBL87   ,INVESTEC BANK LIMITED 9.750% 20/05/2019                     ,ZAR,00000074068.0000
ARCPEN,IDCG06  ,INDUSTRIAL DEVELOPMENT CORPORATION 9.55% 24/11/2024         ,ZAR,00000362896.0000
ARCPEN,IPL6    ,IMPERIAL GRP 280917                                         ,ZAR,00000071190.0000
ARCPEN,IV08    ,INVESTEC 13.735% 30/04/2018                                 ,ZAR,00000021724.0000
ARCPEN,KW01    ,KOMATI RIVER BASIN AUTHORITY 13.50% 31/10/2027              ,ZAR,00000000964.0000
ARCPEN,LGL03   ,LIBERTY GROUP LGL03 03/04/2018                              ,ZAR,00000139432.0000
ARCPEN,LGL04   ,LIBERTY GROUP LIMITED 9.165% 14/08/2020                     ,ZAR,00000278202.0000
ARCPEN,MMIG02A ,MMI GROUP LTD 10.065% 17/03/2021                            ,ZAR,00000313576.0000
ARCPEN,MMIG05  ,MMI GROUP LTD 10.86% 12/08/2022                             ,ZAR,00000255778.0000
ARCPEN,NBK11A  ,NEDBANK 8.92% 28/11/2020                                    ,ZAR,00000000803.0000
ARCPEN,NBK16A  ,NEDBANK LIMITED 9.440% 12/02/2025                           ,ZAR,00000221054.0000
ARCPEN,NBK20A  ,NEDBANK 10.36% 01/06/2026                                   ,ZAR,00000914025.0000
ARCPEN,NBK29A  ,NEDBANK LIMITED 10.50% 31/07/2026                           ,ZAR,00000786868.0000
ARCPEN,NBK3A   ,NBK3A NEDBANK LIMITED 11.39% 09/09/2019                     ,ZAR,00000265438.0000
ARCPEN,NCLN85  ,NEDBANK ESKOM CLN 10.49% 20/03/2024                         ,ZAR,00000032185.0000
ARCPEN,NMP20N  ,NAMIBIA POWER CORP LTD - 24/07/2020                         ,ZAR,00000023709.0000
ARCPEN,NRA018  ,SA NATIONAL ROADS AGENCY LTD 12.25% 30/11/2018              ,ZAR,00000117361.0000
ARCPEN,NRA022  ,SA NATIONAL ROADS AGENCY LTD 12.25% 31/10/2022              ,ZAR,00000490639.0000
ARCPEN,NRA023M7,SA NATIONAL ROAD AGENCY LTD 5.00% 31/05/2023                ,ZAR,00000881135.0000
ARCPEN,NRA028  ,SA NATIONAL ROADS AGENCY LTD 12.25% 30/11/2028              ,ZAR,00000296436.0000
ARCPEN,OML05   ,OLD MUTUAL LIFE ASSURANCE COMPANY LTD 9.76% 19/03/2020      ,ZAR,00000110652.0000
ARCPEN,OML06   ,OLD MUTUAL LIFE ASSURANCE COMPANY LTD 10.32% 19/03/2022     ,ZAR,00000176788.0000
ARCPEN,OML09   ,OLD MUTUAL LIFE ASSURANCE COMPANY LTD 10.90% 14/09/2022     ,ZAR,00000207526.0000
ARCPEN,OML10   ,OLD MUTUAL LIFE ASSURANCE COMPANY LTD 11.35% 14/09/2025     ,ZAR,00000394743.0000
ARCPEN,R186    ,R186 REPUBLIC OF SOUTH AFRICA 10.500% 21/12/2026            ,ZAR,00001298428.0000
ARCPEN,R197M7  ,R197 REPUBLIC OF SOUTH AFRICA CPI 5.50% 07/12/2023          ,ZAR,00001213487.0000
ARCPEN,R2023   ,R2023 REPUBLIC OF SOUTH AFRICA 7.750% 28/02/2023            ,ZAR,00000243817.0000
ARCPEN,R202M7  ,R202 REPUBLIC OF SOUTH AFRICA CPI 3.45% 07/12/2033          ,ZAR,00003158947.0000
ARCPEN,R203    ,R203 REPUBLIC OF SOUTH AFRICA 8.250% 15/09/2017             ,ZAR,00000038472.0000
ARCPEN,R2030   ,R2030 REPUBLIC OF SOUTH AFRICA 8.000% 31/01/2030            ,ZAR,00000292574.0000
ARCPEN,R2032   ,R2032 REPUBLIC OF SOUTH AFRICA 8.250% 31/03/2032            ,ZAR,00002831708.0000
ARCPEN,R2035   ,R2035 REPUBLIC OF SOUTH AFRICA 8.875% 28/02/2035            ,ZAR,00003915915.0000
ARCPEN,R2037   ,R2037 REPUBLIC OF SOUTH AFRICA 8.500% 31/01/2037            ,ZAR,00003888181.0000
ARCPEN,R204    ,R204 REPUBLIC OF SOUTH AFRICA 8.000% 21/12/2018             ,ZAR,00000015558.0000
ARCPEN,R2040   ,R2040 REPUBLIC OF SOUTH AFRICA 9.000% 31/01/2040            ,ZAR,00013958382.0000
ARCPEN,R2044   ,R2044 REPUBLIC OF SOUTH AFRICA 8.750% 31/01/2044            ,ZAR,00014427163.0000
ARCPEN,R2048   ,R2048 REPUBLIC OF SOUTH AFRICA 8.750% 28/02/2048            ,ZAR,00002482060.0000
ARCPEN,R207    ,R207 REPUBLIC OF SOUTH AFRICA 7.250% 15/01/2020             ,ZAR,00000082595.0000
ARCPEN,R208    ,R208 REPUBLIC OF SOUTH AFRICA 6.750% 31/03/2021             ,ZAR,00000103075.0000
ARCPEN,R209    ,R209 REPUBLIC OF SOUTH AFRICA 6.250% 31/03/2036             ,ZAR,00002500523.0000
ARCPEN,R210M7  ,R210 REPUBLIC OF SOUTH AFRICA CPI 2.60% 31/03/2028          ,ZAR,00000853012.0000
ARCPEN,R212M7  ,R212 REPUBLIC OF SOUTH AFRICA CPI 2.75% 31/01/2022          ,ZAR,00002498725.0000
ARCPEN,R213A   ,R213 REPUBLIC OF SOUTH AFRICA 7.000% 28/02/2031             ,ZAR,00000669977.0000
ARCPEN,R214    ,R214 REPUBLIC OF SOUTH AFRICA 7.000% 28/02/2031             ,ZAR,00003603339.0000
ARCPEN,RW21    ,RAND WATER 9.97% 21/04/2021                                 ,ZAR,00000006242.0000
ARCPEN,RW23    ,RAND WATER 9.51% 10/12/2023                                 ,ZAR,00000416146.0000
ARCPEN,RW28    ,RAND WATER 10.245% 10/12/2028                               ,ZAR,00000726846.0000
ARCPEN,SBK14   ,STD FIXED RATE 9.66% CALLABLE 01/12/2017                    ,ZAR,00000047949.0000
ARCPEN,SBK9    ,STD 8.4% 100418                                             ,ZAR,00000035078.0000
ARCPEN,SBS13   ,SBS13 STANDARD BANK OF SA 8.9% 22/09/2017                   ,ZAR,00000065917.0000
ARCPEN,SBS19   ,SBS19 STANDARD BANK OF SA 10.18% 23/06/2021                 ,ZAR,00000026824.0000
ARCPEN,SBS20B  ,STD LIMITED 10.05% 15/05/2026                               ,ZAR,00000606925.0000
ARCPEN,SBS25   ,STD BANK LIMITED 8.87% 24/05/2019                           ,ZAR,00000088950.0000
ARCPEN,SBS27   ,STANDARD BANK LTD 10.13% 20/02/2024                         ,ZAR,00000309294.0000
ARCPEN,SBS3    ,STD 8.2% 25/05/2026                                         ,ZAR,00000547652.0000
ARCPEN,SBS31   ,STANDARD BANK LTD 9.785% 12/06/2027                         ,ZAR,00001127282.0000
ARCPEN,SBS4    ,STD 8.60% 16/11/2021                                        ,ZAR,00000248537.0000
ARCPEN,SBS42   ,STD BANK 10.64% 12/11/2025                                  ,ZAR,00000778221.0000
ARCPEN,SBSI11M7,STANDARD BANK 5.5% CPI LINKED NOTE 07/12/2023               ,ZAR,00002047845.0000
ARCPEN,SIMMB4  ,STANLIB INSTITUTIONAL MONEY MARKET FUND CLASS B4            ,ZAR,00000000002.9300
ARCPEN,SLI3    ,SANLAM 8.7% 15/08/2018                                      ,ZAR,00000052857.0000
ARCPEN,SNT01   ,SANTAM LTD 8% 150917 - STEP UP 15/09/2022                   ,ZAR,00000000201.0000
ARCPEN,SSA05   ,SAPPI SOUTHERN AFRICA 3MONTH JIBAR+150BPS 16/04/2018        ,ZAR,00000006023.0000
ARCPEN,SZ25    ,SA NATIONAL ROADS AGENCY LTD 9% 30/09/2025                  ,ZAR,00000068951.0000
ARCPEN,TN17    ,TRANSNET LIMITED 17 9.25% 14/11/2017                        ,ZAR,00000147748.0000
ARCPEN,TN20    ,TRANSNET LIMITED 10.5% 17/09/2020                           ,ZAR,00000235641.0000
ARCPEN,TN23    ,TRANSNET LIMITED 10.80% 06/11/2023                          ,ZAR,00000248371.0000
ARCPEN,TN25    ,TRANSNET LIMITED 9.5% 19/08/2025                            ,ZAR,00000419464.0000
ARCPEN,TN27    ,TRANSNET LIMITED 8.90% 14/11/2027                           ,ZAR,00000356621.0000
ARCPEN,UG21    ,UMGENI 10.70% 020321                                        ,ZAR,00000105526.0000
ARCPEN,UG26    ,UG26 UMGENI WATER 11.31% 09/03/2026                         ,ZAR,00001194137.0000
ARCPEN,WS05M7  ,TRANS CALEDON 5.00% 01/08/2018                              ,ZAR,00001033383.0000
ARCPEN,WSP5    ,TRANS CALEDON 9% 28/05/2021                                 ,ZAR,00000095862.0000
ARCPEN,STANCH01,STANDARD CHARTER                                            ,ZAR,00000694400.9000
ARCPEN,STANCH01,STANDARD CHARTER - Receivables                              ,ZAR,00002114038.3600
ARCPEN,STANCH01,STANDARD CHARTER - NET SETTLEMENTS                          ,ZAR,-0002128523.9900
ARCPRV,AA05    ,AA05 ANGLO AMERICAN SA FINANCE LTD 9.27% 22/03/2019         ,ZAR,00000109616.0000
ARCPRV,AA07    ,ANGLO AMERICAN SA FINANCE LTD 9.49% 15/04/2021              ,ZAR,00000263859.0000
ARCPRV,AB013   ,ABSA BANK LIMITED 8.295% 21/11/2018                         ,ZAR,00000020408.0000
ARCPRV,ABK2    ,AFRICAN BANK 9.50% 24/05/2018                               ,ZAR,00000012000.0000
ARCPRV,ABKI03M7,AFRICAN BANK LIMITED CPI 3.20% 13/10/2021                   ,ZAR,00001341600.0000
ARCPRV,ABKS1A  ,AFRICAN BANK LIMITED 3M JIBAR + 725BPS 05/04/2021           ,ZAR,00000184211.3800
ARCPRV,ABL SENT,AFRICAN BANK SENIOR TRANSFERABLE STUB                       ,ZAR,00000188195.2770
ARCPRV,ABL SUB ,AFRICAN BANK SUBORDINATED STUB                              ,ZAR,00000452059.0000
ARCPRV,ABS10   ,ABS10 ABSA BANK LIMITED 9.88% 17/03/2018                    ,ZAR,00000112501.0000
ARCPRV,ABS12   ,ABSA BANK LTD 9.26% 14/05/2020                              ,ZAR,00000125537.0000
ARCPRV,ABS13A  ,ABSA BANK LTD 9.675% 14/05/2022                             ,ZAR,00000289272.0000
ARCPRV,ABS6    ,ABSA 8.20% 01/06/2020                                       ,ZAR,00000026249.0000
ARCPRV,ABS7    ,ABSA 8.80% 11/09/2026                                       ,ZAR,00000021480.0000
ARCPRV,AIR01   ,AIRPORTS COMPANY OF SOUTH AFRICA 8.58% 15/03/2019           ,ZAR,00000231145.0000
ARCPRV,AIR02   ,AIR02 AIRPORTS COMPANY SA LTD 11.68% 30/04/2023             ,ZAR,00000066186.0000
ARCPRV,AIR04   ,AIRPORTS COMPANY OF SA 9.25% 29/05/2024                     ,ZAR,00000103225.0000
ARCPRV,AIRL01M7,AIRPORTS COMPANY SOUTH AFRICA CPI BOND 3.64% 30/04/2028     ,ZAR,00004962388.0000
ARCPRV,BAW11   ,BARLOW 9.8% 01/10/2018                                      ,ZAR,00000276225.0000
ARCPRV,BAW18   ,BARLOWORLD LIMITED 3MONTH JIBAR+170BPS 05/12/2020           ,ZAR,00000053970.0000
ARCPRV,BAW21A  ,BARLOW  WORLD 9.295% 24/03/2022                             ,ZAR,00000038792.0000
ARCPRV,CCT01   ,CCT01 CITY OF CAPE TOWN 12.57% 23/06/2023                   ,ZAR,00000002159.0000
ARCPRV,CCT02   ,CCT02 CITY OF CAPE TOWN 11.615% 12/06/2024                  ,ZAR,00000134036.0000
ARCPRV,CCT03   ,CITY OF CAPE TOWN 11.16% 15/03/2025                         ,ZAR,00001101494.0000
ARCPRV,CLN362  ,STANDARD BANK CLN ESKOM 10.55% 20/03/2024                   ,ZAR,00000038792.0000
ARCPRV,COJ04   ,CITY OF JHB 9% 05/06/2018                                   ,ZAR,00000007158.0000
ARCPRV,COJ07   ,CITY OF JHB 10.78% 23/03/2021                               ,ZAR,00000046103.0000
ARCPRV,COJ08   ,CITY OF JOHANNESBURG METROPOLITAN 11.455% 22/06/2026        ,ZAR,00003256619.0000
ARCPRV,COJG01  ,CITY OF JHB METRO 10.18% 09/06/2024                         ,ZAR,00001100697.0000
ARCPRV,COT01   ,CITY OF TSHWANE 9.110% 03/04/2023                           ,ZAR,00000598961.0000
ARCPRV,DV2021  ,DEVELOPMENT BANK OF SA 9.03% 18/06/2021                     ,ZAR,00000292785.0000
ARCPRV,DV22    ,DEV BANK 9.45% 15/06/2020                                   ,ZAR,00000130129.0000
ARCPRV,DV23    ,DEV BANK 10.00% 27/02/2023                                  ,ZAR,00000000733.0000
ARCPRV,DV24    ,DEVELOPMENT BANK OF SA 9.69% 18/02/2024                     ,ZAR,00000216757.0000
ARCPRV,DV29    ,DEVELOPMENT BANK OF SA 10.10% 18/02/2029                    ,ZAR,00000660408.0000
ARCPRV,E170    ,ESKOM 13.5% 01 AUG 2020                                     ,ZAR,00000000964.0000
ARCPRV,EMM06A  ,EKURULNI METROPOLITAN MUNICIPALITY 10.25% 23/06/2025        ,ZAR,00000533210.3000
ARCPRV,ES18    ,ESKOM 9.25% 20/04/2018                                      ,ZAR,00000103281.0000
ARCPRV,ES23    ,ESKOM 10.00% 25/01/2023                                     ,ZAR,00000159584.0000
ARCPRV,ES26    ,ESKOM 7.85% 02/04/2026                                      ,ZAR,00000273422.0000
ARCPRV,ES33    ,ESKOM 7.50% 15/09/2033                                      ,ZAR,00003928791.0000
ARCPRV,ES42    ,ESKOM 8.5% 25/04/2042                                       ,ZAR,00001053637.0000
ARCPRV,FRB05   ,FIRSTRAND 8.5% 21/12/2018                                   ,ZAR,00000181243.0000
ARCPRV,FRBC21  ,FIRSTRAND 12% 21/12/2018 (STEP UP DATE)                     ,ZAR,00000005925.0000
ARCPRV,FRBI25M7,FIRSTRAND BANK CPI LINKED 2% 31/01/2025                     ,ZAR,00001028866.0000
ARCPRV,FRS119M7,FIRSTRAND BANK CPI 2.25% 31/01/2038                         ,ZAR,00001783896.0000
ARCPRV,FRS136M7,FIRSTRAND BANK CPI 2.25% 31/01/2038                         ,ZAR,00002204730.0000
ARCPRV,FRS49   ,FIRSTRAND JBR+170BPS 27/10/2020                             ,ZAR,00000027995.0000
ARCPRV,FRX18   ,FIRSTRAND 10.50% 14/04/2018                                 ,ZAR,00000036228.0000
ARCPRV,FRX19   ,FIRSTRAND 9.00% 15/11/2019                                  ,ZAR,00000220086.0000
ARCPRV,FRX24   ,FIRSTRAND 10.75% 10/12/2024                                 ,ZAR,00000647133.0000
ARCPRV,HWAY20  ,SA NATIONAL ROADS AGENCY LTD 9.75% 31/07/2020               ,ZAR,00000188154.0000
ARCPRV,HWAY34  ,SA NATIONAL ROADS AGENCY LTD 9.25% 31/07/2034               ,ZAR,00000540160.0000
ARCPRV,I2025M7 ,I2025 REPUBLIC OF SOUTH AFRICA 2.000% 31/01/2025            ,ZAR,00000004857.0000
ARCPRV,I2038M7 ,I2038 REPUBLIC OF SOUTH AFRICA 2.250% 31/01/2038            ,ZAR,00002732291.0000
ARCPRV,I2046M7 ,I2046 REPUBLIC OF SOUTH AFRICA 2.500% 31/12/2046            ,ZAR,00004341915.0000
ARCPRV,I2050M7 ,I2050 REPUBLIC OF SOUTH AFRICA 2.500% 31/12/2050            ,ZAR,00004925715.0000
ARCPRV,IBL45   ,INVESTEC IBL45 8% 21/12/2018                                ,ZAR,00000116376.0000
ARCPRV,IBL46   ,INVESTEC IBL46 7.25% 15/01/2020                             ,ZAR,00000229514.0000
ARCPRV,IBL49   ,INVESTEC IBL49 7.335% 02/04/2018                            ,ZAR,00000122782.0000
ARCPRV,IBL87   ,INVESTEC BANK LIMITED 9.750% 20/05/2019                     ,ZAR,00000000288.0000
ARCPRV,IDCG06  ,INDUSTRIAL DEVELOPMENT CORPORATION 9.55% 24/11/2024         ,ZAR,00000524865.0000
ARCPRV,IPL6    ,IMPERIAL GRP 280917                                         ,ZAR,00000102963.0000
ARCPRV,IV08    ,INVESTEC 13.735% 30/04/2018                                 ,ZAR,00000036228.0000
ARCPRV,KW01    ,KOMATI RIVER BASIN AUTHORITY 13.50% 31/10/2027              ,ZAR,00000001607.0000
ARCPRV,LGL03   ,LIBERTY GROUP LGL03 03/04/2018                              ,ZAR,00000201663.0000
ARCPRV,LGL04   ,LIBERTY GROUP LIMITED 9.165% 14/08/2020                     ,ZAR,00000002371.0000
ARCPRV,MMIG02A ,MMI GROUP LTD 10.065% 17/03/2021                            ,ZAR,00000453532.0000
ARCPRV,MMIG05  ,MMI GROUP LTD 10.86% 12/08/2022                             ,ZAR,00000369938.0000
ARCPRV,NBK11A  ,NEDBANK 8.92% 28/11/2020                                    ,ZAR,00000001759.0000
ARCPRV,NBK16A  ,NEDBANK LIMITED 9.440% 12/02/2025                           ,ZAR,00000319716.0000
ARCPRV,NBK20A  ,NEDBANK 10.36% 01/06/2026                                   ,ZAR,00001321977.0000
ARCPRV,NBK29A  ,NEDBANK LIMITED 10.50% 31/07/2026                           ,ZAR,00001138066.0000
ARCPRV,NBK3A   ,NBK3A NEDBANK LIMITED 11.39% 09/09/2019                     ,ZAR,00000383910.0000
ARCPRV,NCLN85  ,NEDBANK ESKOM CLN 10.49% 20/03/2024                         ,ZAR,00000046550.0000
ARCPRV,NMP20N  ,NAMIBIA POWER CORP LTD - 24/07/2020                         ,ZAR,00000034291.0000
ARCPRV,NRA018  ,SA NATIONAL ROADS AGENCY LTD 12.25% 30/11/2018              ,ZAR,00000169743.0000
ARCPRV,NRA022  ,SA NATIONAL ROADS AGENCY LTD 12.25% 31/10/2022              ,ZAR,00000709624.0000
ARCPRV,NRA023M7,SA NATIONAL ROAD AGENCY LTD 5.00% 31/05/2023                ,ZAR,00001469429.0000
ARCPRV,NRA028  ,SA NATIONAL ROADS AGENCY LTD 12.25% 30/11/2028              ,ZAR,00000428742.0000
ARCPRV,OML05   ,OLD MUTUAL LIFE ASSURANCE COMPANY LTD 9.76% 19/03/2020      ,ZAR,00000160039.0000
ARCPRV,OML06   ,OLD MUTUAL LIFE ASSURANCE COMPANY LTD 10.32% 19/03/2022     ,ZAR,00000255693.0000
ARCPRV,OML09   ,OLD MUTUAL LIFE ASSURANCE COMPANY LTD 10.90% 14/09/2022     ,ZAR,00000300149.0000
ARCPRV,OML10   ,OLD MUTUAL LIFE ASSURANCE COMPANY LTD 11.35% 14/09/2025     ,ZAR,00000570926.0000
ARCPRV,R186    ,R186 REPUBLIC OF SOUTH AFRICA 10.500% 21/12/2026            ,ZAR,00005229001.0000
ARCPRV,R197M7  ,R197 REPUBLIC OF SOUTH AFRICA CPI 5.50% 07/12/2023          ,ZAR,00002023663.0000
ARCPRV,R2023   ,R2023 REPUBLIC OF SOUTH AFRICA 7.750% 28/02/2023            ,ZAR,00000352638.0000
ARCPRV,R202M7  ,R202 REPUBLIC OF SOUTH AFRICA CPI 3.45% 07/12/2033          ,ZAR,00005268454.0000
ARCPRV,R203    ,R203 REPUBLIC OF SOUTH AFRICA 8.250% 15/09/2017             ,ZAR,00000055643.0000
ARCPRV,R2030   ,R2030 REPUBLIC OF SOUTH AFRICA 8.000% 31/01/2030            ,ZAR,00000423157.0000
ARCPRV,R2032   ,R2032 REPUBLIC OF SOUTH AFRICA 8.250% 31/03/2032            ,ZAR,00005124359.0000
ARCPRV,R2035   ,R2035 REPUBLIC OF SOUTH AFRICA 8.875% 28/02/2035            ,ZAR,00005753238.0000
ARCPRV,R2037   ,R2037 REPUBLIC OF SOUTH AFRICA 8.500% 31/01/2037            ,ZAR,00005756456.0000
ARCPRV,R204    ,R204 REPUBLIC OF SOUTH AFRICA 8.000% 21/12/2018             ,ZAR,00000025945.0000
ARCPRV,R2040   ,R2040 REPUBLIC OF SOUTH AFRICA 9.000% 31/01/2040            ,ZAR,00014982510.0000
ARCPRV,R2044   ,R2044 REPUBLIC OF SOUTH AFRICA 8.750% 31/01/2044            ,ZAR,00027202673.0000
ARCPRV,R2048   ,R2048 REPUBLIC OF SOUTH AFRICA 8.750% 28/02/2048            ,ZAR,00003790029.0000
ARCPRV,R207    ,R207 REPUBLIC OF SOUTH AFRICA 7.250% 15/01/2020             ,ZAR,00000119459.0000
ARCPRV,R208    ,R208 REPUBLIC OF SOUTH AFRICA 6.750% 31/03/2021             ,ZAR,00000149079.0000
ARCPRV,R209    ,R209 REPUBLIC OF SOUTH AFRICA 6.250% 31/03/2036             ,ZAR,00003616567.0000
ARCPRV,R210M7  ,R210 REPUBLIC OF SOUTH AFRICA CPI 2.60% 31/03/2028          ,ZAR,00001422676.0000
ARCPRV,R212M7  ,R212 REPUBLIC OF SOUTH AFRICA CPI 2.75% 31/01/2022          ,ZAR,00004167346.0000
ARCPRV,R213A   ,R213 REPUBLIC OF SOUTH AFRICA 7.000% 28/02/2031             ,ZAR,00000969004.0000
ARCPRV,R214    ,R214 REPUBLIC OF SOUTH AFRICA 7.000% 28/02/2031             ,ZAR,00005373140.0000
ARCPRV,RW21    ,RAND WATER 9.97% 21/04/2021                                 ,ZAR,00000032190.0000
ARCPRV,RW23    ,RAND WATER 9.51% 10/12/2023                                 ,ZAR,00000601881.0000
ARCPRV,RW28    ,RAND WATER 10.245% 10/12/2028                               ,ZAR,00001051255.0000
ARCPRV,SBK14   ,STD FIXED RATE 9.66% CALLABLE 01/12/2017                    ,ZAR,00000069350.0000
ARCPRV,SBK9    ,STD 8.4% 100418                                             ,ZAR,00000001581.0000
ARCPRV,SBS13   ,SBS13 STANDARD BANK OF SA 8.9% 22/09/2017                   ,ZAR,00000095338.0000
ARCPRV,SBS19   ,SBS19 STANDARD BANK OF SA 10.18% 23/06/2021                 ,ZAR,00000038796.0000
ARCPRV,SBS20B  ,STD LIMITED 10.05% 15/05/2026                               ,ZAR,00000877811.0000
ARCPRV,SBS25   ,STD BANK LIMITED 8.87% 24/05/2019                           ,ZAR,00000128650.0000
ARCPRV,SBS27   ,STANDARD BANK LTD 10.13% 20/02/2024                         ,ZAR,00001170502.0000
ARCPRV,SBS3    ,STD 8.2% 25/05/2026                                         ,ZAR,00000792083.0000
ARCPRV,SBS31   ,STANDARD BANK LTD 9.785% 12/06/2027                         ,ZAR,00002908663.0000
ARCPRV,SBS4    ,STD 8.60% 16/11/2021                                        ,ZAR,00000008730.0000
ARCPRV,SBS42   ,STD BANK 10.64% 12/11/2025                                  ,ZAR,00001125560.0000
ARCPRV,SBSI11M7,STANDARD BANK 5.5% CPI LINKED NOTE 07/12/2023               ,ZAR,00003415087.0000
ARCPRV,SIMMB4  ,STANLIB INSTITUTIONAL MONEY MARKET FUND CLASS B4            ,ZAR,00000001410.6200
ARCPRV,SLI3    ,SANLAM 8.7% 15/08/2018                                      ,ZAR,00000076449.0000
ARCPRV,SNT01   ,SANTAM LTD 8% 150917 - STEP UP 15/09/2022                   ,ZAR,00000000335.0000
ARCPRV,SSA05   ,SAPPI SOUTHERN AFRICA 3MONTH JIBAR+150BPS 16/04/2018        ,ZAR,00000010044.0000
ARCPRV,SZ25    ,SA NATIONAL ROADS AGENCY LTD 9% 30/09/2025                  ,ZAR,00000099725.0000
ARCPRV,TN17    ,TRANSNET LIMITED 17 9.25% 14/11/2017                        ,ZAR,00000213691.0000
ARCPRV,TN20    ,TRANSNET LIMITED 10.5% 17/09/2020                           ,ZAR,00000340813.0000
ARCPRV,TN23    ,TRANSNET LIMITED 10.80% 06/11/2023                          ,ZAR,00000359224.0000
ARCPRV,TN25    ,TRANSNET LIMITED 9.5% 19/08/2025                            ,ZAR,00000606681.0000
ARCPRV,TN27    ,TRANSNET LIMITED 8.90% 14/11/2027                           ,ZAR,00000515789.0000
ARCPRV,UG21    ,UMGENI 10.70% 020321                                        ,ZAR,00000175980.0000
ARCPRV,UG26    ,UG26 UMGENI WATER 11.31% 09/03/2026                         ,ZAR,00001727109.0000
ARCPRV,WS05M7  ,TRANS CALEDON 5.00% 01/08/2018                              ,ZAR,00001723464.0000
ARCPRV,WSP5    ,TRANS CALEDON 9% 28/05/2021                                 ,ZAR,00000138647.0000
ARCPRV,STANCH01,STANDARD CHARTER                                            ,ZAR,00001043207.2100
ARCPRV,STANCH01,STANDARD CHARTER - Receivables                              ,ZAR,00003376603.4000
ARCPRV,STANCH01,STANDARD CHARTER - NET SETTLEMENTS                          ,ZAR,-0003429774.7000
BATPEN,I2025M7 ,I2025 REPUBLIC OF SOUTH AFRICA 2.000% 31/01/2025            ,ZAR,00057000000.0000
BATPEN,I2029M7 ,I2029 REPUBLIC OF SOUTH AFRICA 1.875% 31/03/2029            ,ZAR,00005000000.0000
BATPEN,I2033M7 ,I2033 REPUBLIC OF SOUTH AFRICA 1.875% 28/02/2033            ,ZAR,00021100000.0000
BATPEN,I2038M7 ,I2038 REPUBLIC OF SOUTH AFRICA 2.250% 31/01/2038            ,ZAR,00032050000.0000
BATPEN,I2046M7 ,I2046 REPUBLIC OF SOUTH AFRICA 2.500% 31/12/2046            ,ZAR,00049000000.0000
BATPEN,I2050M7 ,I2050 REPUBLIC OF SOUTH AFRICA 2.500% 31/12/2050            ,ZAR,00048500000.0000
BATPEN,R197M7  ,R197 REPUBLIC OF SOUTH AFRICA CPI 5.50% 07/12/2023          ,ZAR,00003632000.0000
BATPEN,R202M7  ,R202 REPUBLIC OF SOUTH AFRICA CPI 3.45% 07/12/2033          ,ZAR,00013212000.0000
BATPEN,R210M7  ,R210 REPUBLIC OF SOUTH AFRICA CPI 2.60% 31/03/2028          ,ZAR,00034000000.0000
BATPEN,R212M7  ,R212 REPUBLIC OF SOUTH AFRICA CPI 2.75% 31/01/2022          ,ZAR,00005000000.0000
BATPEN,SEIAR   ,STANLIB EXTRA INCOME ABIL RETENTION FUND                    ,ZAR,00004530326.2398
BATPEN,SEIB2   ,STANLIB EXTRA INCOME FUND B2                                ,ZAR,00469532484.1765
BATPEN,STDCUR01,STANDARD BANK ZAR                                           ,ZAR,00001962020.5200
BATPEN,STDCUR01,STANDARD BANK ZAR - Receivables                             ,ZAR,00011878099.0000
BATPEN,STDCUR01,STANDARD BANK ZAR - NET SETTLEMENTS                         ,ZAR,-0388475140.3500
CJRFFI,ABKI03M7,AFRICAN BANK LIMITED CPI 3.20% 13/10/2021                   ,ZAR,00008000000.0000
CJRFFI,ABKS1A  ,AFRICAN BANK LIMITED 3M JIBAR + 725BPS 05/04/2021           ,ZAR,00016763150.0000
CJRFFI,ABL SENT,AFRICAN BANK SENIOR TRANSFERABLE STUB                       ,ZAR,00001112960.0000
CJRFFI,ABL SUB ,AFRICAN BANK SUBORDINATED STUB                              ,ZAR,00040716750.0000
CJRFFI,ABS6    ,ABSA 8.20% 01/06/2020                                       ,ZAR,00030000000.0000
CJRFFI,FRX19   ,FIRSTRAND 9.00% 15/11/2019                                  ,ZAR,00050000000.0000
CJRFFI,LGL04   ,LIBERTY GROUP LIMITED 9.165% 14/08/2020                     ,ZAR,00012374000.0000
CJRFFI,R186    ,R186 REPUBLIC OF SOUTH AFRICA 10.500% 21/12/2026            ,ZAR,00241999000.0000
CJRFFI,R203    ,R203 REPUBLIC OF SOUTH AFRICA 8.250% 15/09/2017             ,ZAR,00000516000.0000
CJRFFI,R2030   ,R2030 REPUBLIC OF SOUTH AFRICA 8.000% 31/01/2030            ,ZAR,00017000000.0000
CJRFFI,R2032   ,R2032 REPUBLIC OF SOUTH AFRICA 8.250% 31/03/2032            ,ZAR,00077000000.0000
CJRFFI,R2035   ,R2035 REPUBLIC OF SOUTH AFRICA 8.875% 28/02/2035            ,ZAR,00040000000.0000
CJRFFI,R2037   ,R2037 REPUBLIC OF SOUTH AFRICA 8.500% 31/01/2037            ,ZAR,00032000000.0000
CJRFFI,R2040   ,R2040 REPUBLIC OF SOUTH AFRICA 9.000% 31/01/2040            ,ZAR,00058000000.0000
CJRFFI,R2044   ,R2044 REPUBLIC OF SOUTH AFRICA 8.750% 31/01/2044            ,ZAR,00101500000.0000
CJRFFI,R2048   ,R2048 REPUBLIC OF SOUTH AFRICA 8.750% 28/02/2048            ,ZAR,00049500000.0000
CJRFFI,SBK14   ,STD FIXED RATE 9.66% CALLABLE 01/12/2017                    ,ZAR,00005000000.0000
CJRFFI,SBLB1   ,STANLIB INFLATION LINKED BOND FUND CLASS B1                 ,ZAR,00444335727.8709
CJRFFI,SEIAR   ,STANLIB EXTRA INCOME ABIL RETENTION FUND                    ,ZAR,00000583228.0101
CJRFFI,SEIB2   ,STANLIB EXTRA INCOME FUND B2                                ,ZAR,00002498666.2780
CJRFFI,SIB1    ,STANLIB INCOME FUND (CLASS B1)                              ,ZAR,00234888921.6804
CJRFFI,SIMMB4  ,STANLIB INSTITUTIONAL MONEY MARKET FUND CLASS B4            ,ZAR,00030326935.5500
CJRFFI,SIP3    ,STANLIB INSTITUTIONAL PROPERTY FUND (CLASS B3)              ,ZAR,00139862360.7148
CJRFFI,STIAR   ,STANLIB INCOME ABIL RETENTION FUND                          ,ZAR,00001834740.7128
CJRFFI,STDCUR01,STANDARD BANK ZAR                                           ,ZAR,00001659501.0000
CJRFFI,STDCUR01,STANDARD BANK ZAR - Receivables                             ,ZAR,00000567038.5500
DISKPF,I2025M7 ,I2025 REPUBLIC OF SOUTH AFRICA 2.000% 31/01/2025            ,ZAR,00009000000.0000
DISKPF,I2033M7 ,I2033 REPUBLIC OF SOUTH AFRICA 1.875% 28/02/2033            ,ZAR,00015800000.0000
DISKPF,I2038M7 ,I2038 REPUBLIC OF SOUTH AFRICA 2.250% 31/01/2038            ,ZAR,00006300000.0000
DISKPF,I2046M7 ,I2046 REPUBLIC OF SOUTH AFRICA 2.500% 31/12/2046            ,ZAR,00015000000.0000
DISKPF,I2050M7 ,I2050 REPUBLIC OF SOUTH AFRICA 2.500% 31/12/2050            ,ZAR,00013850000.0000
DISKPF,R197M7  ,R197 REPUBLIC OF SOUTH AFRICA CPI 5.50% 07/12/2023          ,ZAR,00006250000.0000
DISKPF,R202M7  ,R202 REPUBLIC OF SOUTH AFRICA CPI 3.45% 07/12/2033          ,ZAR,00003503000.0000
DISKPF,R210M7  ,R210 REPUBLIC OF SOUTH AFRICA CPI 2.60% 31/03/2028          ,ZAR,00005500000.0000
DISKPF,SEIAR   ,STANLIB EXTRA INCOME ABIL RETENTION FUND                    ,ZAR,00000909536.5892
DISKPF,SEIB2   ,STANLIB EXTRA INCOME FUND B2                                ,ZAR,00143522738.6101
DISKPF,STDCUR01,STANDARD BANK ZAR                                           ,ZAR,00000679429.8200
DISKPF,STDCUR01,STANDARD BANK ZAR - NET SETTLEMENTS                         ,ZAR,-0109450742.9100
EXXERF,R212M7  ,R212 REPUBLIC OF SOUTH AFRICA CPI 2.75% 31/01/2022          ,ZAR,00030000000.0000
EXXERF,SAI2    ,STANLIB AGGRESSIVE INCOME FUND (CLASS B2)                   ,ZAR,00026410345.5027
EXXERF,SEIAR   ,STANLIB EXTRA INCOME ABIL RETENTION FUND                    ,ZAR,00001531533.7720
EXXERF,SEIB2   ,STANLIB EXTRA INCOME FUND B2                                ,ZAR,00046986450.7648
EXXERF,STDCUR01,STANDARD BANK ZAR                                           ,ZAR,00000443698.9700
EXXERF,STDCUR01,STANDARD BANK ZAR - NET SETTLEMENTS                         ,ZAR,-0044459802.0000
EXXERF,XXSFTR  ,FUT MKT VALUE CONTRA                                        ,ZAR,00000000003.0300
EXXERG,R212M7  ,R212 REPUBLIC OF SOUTH AFRICA CPI 2.75% 31/01/2022          ,ZAR,00020000000.0000
EXXERG,SAI2    ,STANLIB AGGRESSIVE INCOME FUND (CLASS B2)                   ,ZAR,00025993952.9781
EXXERG,STDCUR01,STANDARD BANK ZAR                                           ,ZAR,00000533079.6300
EXXERG,STDCUR01,STANDARD BANK ZAR - NET SETTLEMENTS                         ,ZAR,-0029639868.0000
IMPEN2,I2033M7 ,I2033 REPUBLIC OF SOUTH AFRICA 1.875% 28/02/2033            ,ZAR,00001800000.0000
IMPEN2,R202M7  ,R202 REPUBLIC OF SOUTH AFRICA CPI 3.45% 07/12/2033          ,ZAR,00038633000.0000
IMPEN2,SEIAR   ,STANLIB EXTRA INCOME ABIL RETENTION FUND                    ,ZAR,00002874002.9178
IMPEN2,SEIB2   ,STANLIB EXTRA INCOME FUND B2                                ,ZAR,00120706570.5304
IMPEN2,STIAR   ,STANLIB INCOME ABIL RETENTION FUND                          ,ZAR,00001299995.6351
IMPEN2,ABSACOL ,ABSA COLLATERAL                                             ,ZAR,00000021713.2100
IMPEN2,STDCUR01,STANDARD BANK ZAR                                           ,ZAR,00001072434.8000
IMPEN2,STDCUR01,STANDARD BANK ZAR - Receivables                             ,ZAR,00006563310.3700
IMPEN2,STDCUR01,STANDARD BANK ZAR - NET SETTLEMENTS                         ,ZAR,-0098017270.6500
IMPFE2,DFAFA21G,DARK FIBRE AFRICA FACILITY G JB3MTH+350BPS 15/06/2021       ,ZAR,00001380000.0000
IMPFE2,DFAFA22H,DARK FIBRE AFRICA FACILITY H JB3MTH+387.5BPS 15/06/2022     ,ZAR,00001620000.0000
IMPFE2,I2046M7 ,I2046 REPUBLIC OF SOUTH AFRICA 2.500% 31/12/2046            ,ZAR,00004500000.0000
IMPFE2,SEIB2   ,STANLIB EXTRA INCOME FUND B2                                ,ZAR,00000000045.3682
IMPFE2,SIB1    ,STANLIB INCOME FUND (CLASS B1)                              ,ZAR,00035074992.0830
IMPFE2,TUHF01  ,TUHF LIMITED 3M JIBAR+325BPS 26/01/2020                     ,ZAR,00003000000.0000
IMPFE2,SASYMAR ,SASY SAFIN MARGIN                                           ,ZAR,00000000458.2600
IMPFE2,STDCUR01,STANDARD BANK ZAR                                           ,ZAR,00000831705.0300
IMPFE2,STDCUR01,STANDARD BANK ZAR - Receivables                             ,ZAR,00061591532.7000
IMPFE2,STDCUR01,STANDARD BANK ZAR - NET SETTLEMENTS                         ,ZAR,-0066928149.6000
IMPPFT,SEIB2   ,STANLIB EXTRA INCOME FUND B2                                ,ZAR,00066626741.1404
IMPPFT,SASYMAR ,SASY SAFIN MARGIN                                           ,ZAR,00000000458.2600
IMPPFT,STDCUR01,STANDARD BANK ZAR                                           ,ZAR,00000432139.0900
IMPPFT,STDCUR01,STANDARD BANK ZAR - Receivables                             ,ZAR,00055964366.4000
IMPPFT,STDCUR01,STANDARD BANK ZAR - NET SETTLEMENTS                         ,ZAR,-0055697375.8500
IMPPR2,I2033M7 ,I2033 REPUBLIC OF SOUTH AFRICA 1.875% 28/02/2033            ,ZAR,00003000000.0000
IMPPR2,R202M7  ,R202 REPUBLIC OF SOUTH AFRICA CPI 3.45% 07/12/2033          ,ZAR,00070319000.0000
IMPPR2,SEIAR   ,STANLIB EXTRA INCOME ABIL RETENTION FUND                    ,ZAR,00004951271.5890
IMPPR2,SEIB2   ,STANLIB EXTRA INCOME FUND B2                                ,ZAR,00209174121.6883
IMPPR2,SIMMB4  ,STANLIB INSTITUTIONAL MONEY MARKET FUND CLASS B4            ,ZAR,00000000000.4000
IMPPR2,STIAR   ,STANLIB INCOME ABIL RETENTION FUND                          ,ZAR,00002211807.0558
IMPPR2,ABSACOL ,ABSA COLLATERAL                                             ,ZAR,00000036188.7300
IMPPR2,STDCUR01,STANDARD BANK ZAR                                           ,ZAR,00000408855.4600
IMPPR2,STDCUR01,STANDARD BANK ZAR - Receivables                             ,ZAR,00018337260.4800
IMPPR2,STDCUR01,STANDARD BANK ZAR - NET SETTLEMENTS                         ,ZAR,-0188421541.8100
IMPPRT,SEIB2   ,STANLIB EXTRA INCOME FUND B2                                ,ZAR,00112417238.7684
IMPPRT,SASYMAR ,SASY SAFIN MARGIN                                           ,ZAR,00000000770.8200
IMPPRT,STDCUR01,STANDARD BANK ZAR                                           ,ZAR,00000457712.2600
IMPPRT,STDCUR01,STANDARD BANK ZAR - Receivables                             ,ZAR,00094137779.8000
IMPPRT,STDCUR01,STANDARD BANK ZAR - NET SETTLEMENTS                         ,ZAR,-0093688674.4200
IMPVE2,DFAFA21G,DARK FIBRE AFRICA FACILITY G JB3MTH+350BPS 15/06/2021       ,ZAR,00002300000.0000
IMPVE2,DFAFA22H,DARK FIBRE AFRICA FACILITY H JB3MTH+387.5BPS 15/06/2022     ,ZAR,00002700000.0000
IMPVE2,I2046M7 ,I2046 REPUBLIC OF SOUTH AFRICA 2.500% 31/12/2046            ,ZAR,00012000000.0000
IMPVE2,SEIB2   ,STANLIB EXTRA INCOME FUND B2                                ,ZAR,00000000033.5417
IMPVE2,SIB1    ,STANLIB INCOME FUND (CLASS B1)                              ,ZAR,00065057057.2317
IMPVE2,TUHF01  ,TUHF LIMITED 3M JIBAR+325BPS 26/01/2020                     ,ZAR,00005000000.0000
IMPVE2,SASYMAR ,SASY SAFIN MARGIN                                           ,ZAR,00000000764.0200
IMPVE2,STDCUR01,STANDARD BANK ZAR                                           ,ZAR,00000943168.6600
IMPVE2,STDCUR01,STANDARD BANK ZAR - Receivables                             ,ZAR,00108311473.6400
IMPVE2,STDCUR01,STANDARD BANK ZAR - NET SETTLEMENTS                         ,ZAR,-0122809291.1000
JHBPE ,ABKI03M7,AFRICAN BANK LIMITED CPI 3.20% 13/10/2021                   ,ZAR,00004000000.0000
JHBPE ,ABL SENT,AFRICAN BANK SENIOR TRANSFERABLE STUB                       ,ZAR,00000556480.0000
JHBPE ,R186    ,R186 REPUBLIC OF SOUTH AFRICA 10.500% 21/12/2026            ,ZAR,00021100000.0000
JHBPE ,R203    ,R203 REPUBLIC OF SOUTH AFRICA 8.250% 15/09/2017             ,ZAR,00002000000.0000
JHBPE ,R2030   ,R2030 REPUBLIC OF SOUTH AFRICA 8.000% 31/01/2030            ,ZAR,00008000000.0000
JHBPE ,R2032   ,R2032 REPUBLIC OF SOUTH AFRICA 8.250% 31/03/2032            ,ZAR,00007800000.0000
JHBPE ,R2035   ,R2035 REPUBLIC OF SOUTH AFRICA 8.875% 28/02/2035            ,ZAR,00004000000.0000
JHBPE ,R2037   ,R2037 REPUBLIC OF SOUTH AFRICA 8.500% 31/01/2037            ,ZAR,00002000000.0000
JHBPE ,R204    ,R204 REPUBLIC OF SOUTH AFRICA 8.000% 21/12/2018             ,ZAR,00001700000.0000
JHBPE ,R2040   ,R2040 REPUBLIC OF SOUTH AFRICA 9.000% 31/01/2040            ,ZAR,00001000000.0000
JHBPE ,R2044   ,R2044 REPUBLIC OF SOUTH AFRICA 8.750% 31/01/2044            ,ZAR,00001000000.0000
JHBPE ,R2048   ,R2048 REPUBLIC OF SOUTH AFRICA 8.750% 28/02/2048            ,ZAR,00010500000.0000
JHBPE ,R208    ,R208 REPUBLIC OF SOUTH AFRICA 6.750% 31/03/2021             ,ZAR,00000800000.0000
JHBPE ,SBLB1   ,STANLIB INFLATION LINKED BOND FUND CLASS B1                 ,ZAR,00064652602.5683
JHBPE ,SIB1    ,STANLIB INCOME FUND (CLASS B1)                              ,ZAR,00018857870.4415
JHBPE ,SIMMB4  ,STANLIB INSTITUTIONAL MONEY MARKET FUND CLASS B4            ,ZAR,00000265921.8000
JHBPE ,SIP3    ,STANLIB INSTITUTIONAL PROPERTY FUND (CLASS B3)              ,ZAR,00014401370.8133
JHBPE ,STIAR   ,STANLIB INCOME ABIL RETENTION FUND                          ,ZAR,00000069745.5848
JHBPE ,TN20    ,TRANSNET LIMITED 10.5% 17/09/2020                           ,ZAR,00002000000.0000
JHBPE ,TN25    ,TRANSNET LIMITED 9.5% 19/08/2025                            ,ZAR,00002000000.0000
JHBPE ,NEDBANK ,NEDBANK CURRENT                                             ,ZAR,00000596210.0000
JHBPE ,XXSFTR  ,FUT MKT VALUE CONTRA                                        ,ZAR,00000000003.0300
LIBMDS,ABK9    ,AFRICAN BANK LIMITED 3M JIBAR + 199BPS 18/11/2019           ,ZAR,00006400000.0000
LIBMDS,ABKS1A  ,AFRICAN BANK LIMITED 3M JIBAR + 725BPS 05/04/2021           ,ZAR,00002053214.0000
LIBMDS,ABL SENT,AFRICAN BANK SENIOR TRANSFERABLE STUB                       ,ZAR,00001814037.3013
LIBMDS,ABL SUB ,AFRICAN BANK SUBORDINATED STUB                              ,ZAR,00005005804.0000
LIBMDS,GNDPP   ,GRINDROD PREFERENCE SHARES 80% OF PRIME                     ,ZAR,00000009046.0000
LIBMDS,LGL03   ,LIBERTY GROUP LGL03 03/04/2018                              ,ZAR,00001500000.0000
LIBMDS,SBLB1   ,STANLIB INFLATION LINKED BOND FUND CLASS B1                 ,ZAR,00000419532.9004
LIBMDS,SIMMB4  ,STANLIB INSTITUTIONAL MONEY MARKET FUND CLASS B4            ,ZAR,00000001054.2900
LIBMDS,STDCUR01,STANDARD BANK ZAR                                           ,ZAR,00009179699.1800
LIBMDS,STDCUR01,STANDARD BANK ZAR - Receivables                             ,ZAR,00000150539.2200
LIBPRF,I2025M7 ,I2025 REPUBLIC OF SOUTH AFRICA 2.000% 31/01/2025            ,ZAR,00045220000.0000
LIBPRF,I2033M7 ,I2033 REPUBLIC OF SOUTH AFRICA 1.875% 28/02/2033            ,ZAR,00025000000.0000
LIBPRF,I2038M7 ,I2038 REPUBLIC OF SOUTH AFRICA 2.250% 31/01/2038            ,ZAR,00143880000.0000
LIBPRF,I2046M7 ,I2046 REPUBLIC OF SOUTH AFRICA 2.500% 31/12/2046            ,ZAR,00136750000.0000
LIBPRF,I2050M7 ,I2050 REPUBLIC OF SOUTH AFRICA 2.500% 31/12/2050            ,ZAR,00264520000.0000
LIBPRF,R197M7  ,R197 REPUBLIC OF SOUTH AFRICA CPI 5.50% 07/12/2023          ,ZAR,00014970000.0000
LIBPRF,R202M7  ,R202 REPUBLIC OF SOUTH AFRICA CPI 3.45% 07/12/2033          ,ZAR,00036320000.0000
LIBPRF,R210M7  ,R210 REPUBLIC OF SOUTH AFRICA CPI 2.60% 31/03/2028          ,ZAR,00077000000.0000
LIBPRF,R212M7  ,R212 REPUBLIC OF SOUTH AFRICA CPI 2.75% 31/01/2022          ,ZAR,00042510000.0000
LIBPRF,SIB1    ,STANLIB INCOME FUND (CLASS B1)                              ,ZAR,00053031960.4821
LIBPRF,STDCUR01,STANDARD BANK ZAR                                           ,ZAR,00002282409.9700
POLMED,AB011   ,ABSA FRN 3M JIBAR+205BPS 21/11/2018                         ,ZAR,00002000000.0000
POLMED,AB013   ,ABSA BANK LIMITED 8.295% 21/11/2018                         ,ZAR,00050484000.0000
POLMED,ABFN08  ,ABSA BANK LTD FRN 3M JIBAR+175BPS 17/03/2020                ,ZAR,00049000000.0000
POLMED,ABK11   ,AFRICAN BANK LIMITED 3M JIBAR+ 285BPS 20/05/2019            ,ZAR,00000201040.0000
POLMED,ABK5    ,AFRICAN BANK 3M JIBAR + 240BPS 31/10/2018                   ,ZAR,00000039536.0000
POLMED,ABKS1A  ,AFRICAN BANK LIMITED 3M JIBAR + 725BPS 05/04/2021           ,ZAR,00002268512.2900
POLMED,ABL SENT,AFRICAN BANK SENIOR TRANSFERABLE STUB                       ,ZAR,00001838214.6816
POLMED,ABL SUB ,AFRICAN BANK SUBORDINATED STUB                              ,ZAR,00005529340.0000
POLMED,ABS12   ,ABSA BANK LTD 9.26% 14/05/2020                              ,ZAR,00004000000.0000
POLMED,ABS13A  ,ABSA BANK LTD 9.675% 14/05/2022                             ,ZAR,00004000000.0000
POLMED,ABS6    ,ABSA 8.20% 01/06/2020                                       ,ZAR,00020000000.0000
POLMED,AHF2A2  ,AMBER HOUSE FUND 2(RF)LIMITED 3M JIBAR+1.50+0.20BPS 18102018,ZAR,00001000000.0000
POLMED,AIR01   ,AIRPORTS COMPANY OF SOUTH AFRICA 8.58% 15/03/2019           ,ZAR,00000070467.0000
POLMED,BAW11   ,BARLOW 9.8% 01/10/2018                                      ,ZAR,00005119095.0000
POLMED,BAW18   ,BARLOWORLD LIMITED 3MONTH JIBAR+170BPS 05/12/2020           ,ZAR,00010000000.0000
POLMED,BWZJ18A ,BANK  WINDHOEK LIMITED 3MJIBAR+180BPS 19/11/2018            ,ZAR,00004854000.0000
POLMED,COJ04   ,CITY OF JHB 9% 05/06/2018                                   ,ZAR,00002642163.0000
POLMED,DV23    ,DEV BANK 10.00% 27/02/2023                                  ,ZAR,00055679000.0000
POLMED,ES26    ,ESKOM 7.85% 02/04/2026                                      ,ZAR,00000480000.0000
POLMED,FRB05   ,FIRSTRAND 8.5% 21/12/2018                                   ,ZAR,00015278000.0000
POLMED,FRLSC9CV,STD FRN 3MJIBAR+1.058%=6.133% COMPOUND INTEREST 14032019    ,ZAR,00015000000.0000
POLMED,FRS49   ,FIRSTRAND JBR+170BPS 27/10/2020                             ,ZAR,00006000000.0000
POLMED,FRX19   ,FIRSTRAND 9.00% 15/11/2019                                  ,ZAR,00020000000.0000
POLMED,FS2A5   ,FOX STREET 2 (RF) LIMITED 3MJIBAR+125BPS 20/02/2019         ,ZAR,00005000000.0000
POLMED,HILB03  ,HYPROP INVESTMENTS LIMITED 3M JIBAR+145BPS 02/05/2018       ,ZAR,00006000000.0000
POLMED,HWAY20  ,SA NATIONAL ROADS AGENCY LTD 9.75% 31/07/2020               ,ZAR,00025000000.0000
POLMED,IBL45   ,INVESTEC IBL45 8% 21/12/2018                                ,ZAR,00015000000.0000
POLMED,IBL50   ,INVESTEC BANK 9.10% 02/08/2020                              ,ZAR,00010000000.0000
POLMED,IBL73   ,INVESTEC 3M JIBAR+140BPS 19/08/2018                         ,ZAR,00005000000.0000
POLMED,IDCG03  ,IDCG03 INDUSTRIAL DEVELOPMENT CORP  8.34% 22/10/2020        ,ZAR,00010000000.0000
POLMED,IDCG05  ,INDUSTRIAL DEVELOPMENT CORPORATION 3MJIBAR+150BPS 24/11/2019,ZAR,00005000000.0000
POLMED,IDCG07  ,INDUSTRIAL DEVELOPMENT CORPORATION 3MJIBAR+155BPS 13/11/2020,ZAR,00020000000.0000
POLMED,IPL6    ,IMPERIAL GRP 280917                                         ,ZAR,00011378000.0000
POLMED,IV026   ,INVESTEC BANK LTD FRN 3M JIBAR+245BPS 27/09/2019            ,ZAR,00004000000.0000
POLMED,IV044   ,INVESTEC BANK LTD FRN 3M JIBAR+31/01/2027                   ,ZAR,00040000000.0000
POLMED,IV08    ,INVESTEC 13.735% 30/04/2018                                 ,ZAR,00000100000.0000
POLMED,LGL02   ,LIBERTY GROUP LGL02 7.67% 13/08/2017                        ,ZAR,00005000000.0000
POLMED,LGL03   ,LIBERTY GROUP LGL03 03/04/2018                              ,ZAR,00013000000.0000
POLMED,LGL04   ,LIBERTY GROUP LIMITED 9.165% 14/08/2020                     ,ZAR,00005000000.0000
POLMED,LNDFA1  ,LANDBANK FACILITY A1 3M JIBAR+275BPS 03/12/2021             ,ZAR,00010000000.0000
POLMED,MBF046  ,MERCEDES BENZ 3M JIBAR+134BPS 17/08/2018                    ,ZAR,00007000000.0000
POLMED,N5C23   ,NITRO SECURITIZATION 5 ISSUER TRUST 3M JIBAR+150B 20/12/18  ,ZAR,00000480121.0000
POLMED,NBK28A  ,NEDBANK LIMITED 10.010% 02/08/2023                          ,ZAR,00030000000.0000
POLMED,NBK3A   ,NBK3A NEDBANK LIMITED 11.39% 09/09/2019                     ,ZAR,00002000000.0000
POLMED,NCLN84  ,NEDBANK ESKOM CLN 3MONTH JIBAR+1.95% 20/03/2024             ,ZAR,00030000000.0000
POLMED,NED16   ,NEDBANK FRN 3MJIBAR+255BPS 08/04/2019                       ,ZAR,00020000000.0000
POLMED,NRA022  ,SA NATIONAL ROADS AGENCY LTD 12.25% 31/10/2022              ,ZAR,00020000000.0000
POLMED,OML08   ,OLD MUTUAL LIFE ASSURANCE COMPANY 3M JIBAR+225BPS 14/09/2020,ZAR,00005000000.0000
POLMED,PRE1A3  ,PRECINCT FUNDING 1 (RF) LIMITED 3MJ+134BPS 27/01/2018       ,ZAR,00001585772.8800
POLMED,PRE1B1  ,PRECINCT FUNDING(RF)LIMITED 3M J+154BPS 27/01/2018          ,ZAR,00001692273.5600
POLMED,R186    ,R186 REPUBLIC OF SOUTH AFRICA 10.500% 21/12/2026            ,ZAR,00010226000.0000
POLMED,R2023   ,R2023 REPUBLIC OF SOUTH AFRICA 7.750% 28/02/2023            ,ZAR,00004000000.0000
POLMED,R203    ,R203 REPUBLIC OF SOUTH AFRICA 8.250% 15/09/2017             ,ZAR,00006799580.0000
POLMED,R204    ,R204 REPUBLIC OF SOUTH AFRICA 8.000% 21/12/2018             ,ZAR,00012208000.0000
POLMED,R207    ,R207 REPUBLIC OF SOUTH AFRICA 7.250% 15/01/2020             ,ZAR,00018064580.0000
POLMED,R208    ,R208 REPUBLIC OF SOUTH AFRICA 6.750% 31/03/2021             ,ZAR,00050000000.0000
POLMED,RES15   ,RESILIENT PROPERTY INCOME FUND LTD 3M J+170BP 12/11/2017    ,ZAR,00003000000.0000
POLMED,RES38   ,RESILIENT REIT LIMITED 3M JIBAR+180BPS 01/08/2020           ,ZAR,00010000000.0000
POLMED,RW21    ,RAND WATER 9.97% 21/04/2021                                 ,ZAR,00014000000.0000
POLMED,SBK14   ,STD FIXED RATE 9.66% CALLABLE 01/12/2017                    ,ZAR,00020523000.0000
POLMED,SBK17   ,STANDARD BANK 3M JIBAR+220BPS 30/07/2019                    ,ZAR,00017000000.0000
POLMED,SBK19   ,STANDARD BANK 3MONTH J+220BPS 24/10/2019                    ,ZAR,00001000000.0000
POLMED,SBK9    ,STD 8.4% 100418                                             ,ZAR,00012884000.0000
POLMED,SBS24   ,STD LIMITED 3M JIBAR+160BPS 24/05/2019                      ,ZAR,00002713000.0000
POLMED,SBS40A  ,STANDARD BANK FRN 3M JIBAR+155BPS 12/11/2020                ,ZAR,00050000000.0000
POLMED,SIB1    ,STANLIB INCOME FUND (CLASS B1)                              ,ZAR,00000000288.8656
POLMED,SIMMB4  ,STANLIB INSTITUTIONAL MONEY MARKET FUND CLASS B4            ,ZAR,00005984824.5200
POLMED,SSA05   ,SAPPI SOUTHERN AFRICA 3MONTH JIBAR+150BPS 16/04/2018        ,ZAR,00005000000.0000
POLMED,STIAR   ,STANLIB INCOME ABIL RETENTION FUND                          ,ZAR,00000000006.9389
POLMED,TH11B3  ,THEKWINI 3MONTH JIBAR+1.85% 18/07/2018                      ,ZAR,00003000000.0000
POLMED,TPDA05  ,TOP DRIVE FUNDING LIMITED 3MONTH JIBAR+125BPS 10/04/2019    ,ZAR,00005000000.0000
POLMED,VKE05   ,VUKILE PROPERTY FUND FRN 3M JIBAR+150BPS 28/03/2018         ,ZAR,00002000000.0000
POLMED,STDCUR01,STANDARD BANK ZAR                                           ,ZAR,00001251307.7800
POLMED,STDCUR01,STANDARD BANK ZAR - Receivables                             ,ZAR,00002232296.6800
PRI197,I2038M7 ,I2038 REPUBLIC OF SOUTH AFRICA 2.250% 31/01/2038            ,ZAR,00070728000.0000
PRI197,SEIAR   ,STANLIB EXTRA INCOME ABIL RETENTION FUND                    ,ZAR,00000922364.6765
PRI197,SEIB2   ,STANLIB EXTRA INCOME FUND B2                                ,ZAR,00108570583.2886
PRI197,SIMMB4  ,STANLIB INSTITUTIONAL MONEY MARKET FUND CLASS B4            ,ZAR,00000000031.5000
PRI197,STIAR   ,STANLIB INCOME ABIL RETENTION FUND                          ,ZAR,00000507294.6462
PRI197,STDCUR01,STANDARD BANK ZAR                                           ,ZAR,00001096555.0600
PRI197,STDCUR01,STANDARD BANK ZAR - Receivables                             ,ZAR,00036176406.1400
PRI197,STDCUR01,STANDARD BANK ZAR - NET SETTLEMENTS                         ,ZAR,-0126103904.7600
PRI202,I2033M7 ,I2033 REPUBLIC OF SOUTH AFRICA 1.875% 28/02/2033            ,ZAR,00004800000.0000
PRI202,I2038M7 ,I2038 REPUBLIC OF SOUTH AFRICA 2.250% 31/01/2038            ,ZAR,00079800000.0000
PRI202,R202M7  ,R202 REPUBLIC OF SOUTH AFRICA CPI 3.45% 07/12/2033          ,ZAR,00109194000.0000
PRI202,SEIAR   ,STANLIB EXTRA INCOME ABIL RETENTION FUND                    ,ZAR,00010427178.5503
PRI202,SEIB2   ,STANLIB EXTRA INCOME FUND B2                                ,ZAR,01019878507.7441
PRI202,SIMMB4  ,STANLIB INSTITUTIONAL MONEY MARKET FUND CLASS B4            ,ZAR,00000000113.9800
PRI202,STIAR   ,STANLIB INCOME ABIL RETENTION FUND                          ,ZAR,00001834580.3006
PRI202,ABSACOL ,ABSA COLLATERAL                                             ,ZAR,00000058018.7000
PRI202,STDCUR01,STANDARD BANK ZAR                                           ,ZAR,00001293551.5600
PRI202,STDCUR01,STANDARD BANK ZAR - Receivables                             ,ZAR,00523748895.9800
PRI202,STDCUR01,STANDARD BANK ZAR - NET SETTLEMENTS                         ,ZAR,-0887303280.6100
PRMCOL,SIB1    ,STANLIB INCOME FUND (CLASS B1)                              ,ZAR,00000000743.9713
PRMCOL,STIAR   ,STANLIB INCOME ABIL RETENTION FUND                          ,ZAR,00000098500.5703
PRMCOL,SOCGEN01,SOCIETE GENERALE                                            ,ZAR,00000000001.7400
S75IRF,DV23    ,DEV BANK 10.00% 27/02/2023                                  ,ZAR,00004000000.0000
S75IRF,R186    ,R186 REPUBLIC OF SOUTH AFRICA 10.500% 21/12/2026            ,ZAR,00012484000.0000
S75IRF,R2023   ,R2023 REPUBLIC OF SOUTH AFRICA 7.750% 28/02/2023            ,ZAR,00013722000.0000
S75IRF,R2030   ,R2030 REPUBLIC OF SOUTH AFRICA 8.000% 31/01/2030            ,ZAR,00027214000.0000
S75IRF,R2032   ,R2032 REPUBLIC OF SOUTH AFRICA 8.250% 31/03/2032            ,ZAR,00009000000.0000
S75IRF,R2035   ,R2035 REPUBLIC OF SOUTH AFRICA 8.875% 28/02/2035            ,ZAR,00047000000.0000
S75IRF,R2037   ,R2037 REPUBLIC OF SOUTH AFRICA 8.500% 31/01/2037            ,ZAR,00041950000.0000
S75IRF,R2040   ,R2040 REPUBLIC OF SOUTH AFRICA 9.000% 31/01/2040            ,ZAR,00005000000.0000
S75IRF,R2044   ,R2044 REPUBLIC OF SOUTH AFRICA 8.750% 31/01/2044            ,ZAR,00037500000.0000
S75IRF,R2048   ,R2048 REPUBLIC OF SOUTH AFRICA 8.750% 28/02/2048            ,ZAR,00000528000.0000
S75IRF,R214    ,R214 REPUBLIC OF SOUTH AFRICA 7.000% 28/02/2031             ,ZAR,00032000000.0000
S75IRF,SIB1    ,STANLIB INCOME FUND (CLASS B1)                              ,ZAR,00001484407.3020
S75IRF,STIAR   ,STANLIB INCOME ABIL RETENTION FUND                          ,ZAR,00000000628.6098
S75IRF,TN25    ,TRANSNET LIMITED 9.5% 19/08/2025                            ,ZAR,00009200000.0000
S75IRF,TN27    ,TRANSNET LIMITED 8.90% 14/11/2027                           ,ZAR,00002000000.0000
S75IRF,STDCUR01,STANDARD BANK ZAR                                           ,ZAR,00005694058.7200
SAT197,I2038M7 ,I2038 REPUBLIC OF SOUTH AFRICA 2.250% 31/01/2038            ,ZAR,00011753000.0000
SAT197,SEIAR   ,STANLIB EXTRA INCOME ABIL RETENTION FUND                    ,ZAR,00000744801.1205
SAT197,SEIB2   ,STANLIB EXTRA INCOME FUND B2                                ,ZAR,00015789883.6720
SAT197,SIMMB4  ,STANLIB INSTITUTIONAL MONEY MARKET FUND CLASS B4            ,ZAR,00000000026.5500
SAT197,STIAR   ,STANLIB INCOME ABIL RETENTION FUND                          ,ZAR,00000427733.5581
SAT197,STDCUR01,STANDARD BANK ZAR                                           ,ZAR,00000616550.2300
SAT197,STDCUR01,STANDARD BANK ZAR - NET SETTLEMENTS                         ,ZAR,-0014869302.0700
SAT202,I2033M7 ,I2033 REPUBLIC OF SOUTH AFRICA 1.875% 28/02/2033            ,ZAR,00000650000.0000
SAT202,R202M7  ,R202 REPUBLIC OF SOUTH AFRICA CPI 3.45% 07/12/2033          ,ZAR,00012078000.0000
SAT202,SEIAR   ,STANLIB EXTRA INCOME ABIL RETENTION FUND                    ,ZAR,00000899084.5381
SAT202,SEIB2   ,STANLIB EXTRA INCOME FUND B2                                ,ZAR,00099090056.7137
SAT202,SIMMB4  ,STANLIB INSTITUTIONAL MONEY MARKET FUND CLASS B4            ,ZAR,00000000027.6800
SAT202,STIAR   ,STANLIB INCOME ABIL RETENTION FUND                          ,ZAR,00000445983.7806
SAT202,ABSACOL ,ABSA COLLATERAL                                             ,ZAR,00000007857.7200
SAT202,STDCUR01,STANDARD BANK ZAR                                           ,ZAR,00000306355.2400
SAT202,STDCUR01,STANDARD BANK ZAR - Receivables                             ,ZAR,00053416201.6300
SAT202,STDCUR01,STANDARD BANK ZAR - NET SETTLEMENTS                         ,ZAR,-0082530088.9700
SYGMED,AA05    ,AA05 ANGLO AMERICAN SA FINANCE LTD 9.27% 22/03/2019         ,ZAR,00000147000.0000
SYGMED,AB013   ,ABSA BANK LIMITED 8.295% 21/11/2018                         ,ZAR,00005000000.0000
SYGMED,ABK2    ,AFRICAN BANK 9.50% 24/05/2018                               ,ZAR,00000018400.0000
SYGMED,ABKI03M7,AFRICAN BANK LIMITED CPI 3.20% 13/10/2021                   ,ZAR,00000982400.0000
SYGMED,ABKS1A  ,AFRICAN BANK LIMITED 3M JIBAR + 725BPS 05/04/2021           ,ZAR,00000109096.0600
SYGMED,ABL SENT,AFRICAN BANK SENIOR TRANSFERABLE STUB                       ,ZAR,00000139051.0450
SYGMED,ABL SUB ,AFRICAN BANK SUBORDINATED STUB                              ,ZAR,00000267724.0000
SYGMED,ABS6    ,ABSA 8.20% 01/06/2020                                       ,ZAR,00001390000.0000
SYGMED,AIR01   ,AIRPORTS COMPANY OF SOUTH AFRICA 8.58% 15/03/2019           ,ZAR,00000569000.0000
SYGMED,BAW11   ,BARLOW 9.8% 01/10/2018                                      ,ZAR,00000643000.0000
SYGMED,BAW18   ,BARLOWORLD LIMITED 3MONTH JIBAR+170BPS 05/12/2020           ,ZAR,00004000000.0000
SYGMED,COJ04   ,CITY OF JHB 9% 05/06/2018                                   ,ZAR,00000585000.0000
SYGMED,DV22    ,DEV BANK 9.45% 15/06/2020                                   ,ZAR,00000433000.0000
SYGMED,DV23    ,DEV BANK 10.00% 27/02/2023                                  ,ZAR,00015000000.0000
SYGMED,ES18    ,ESKOM 9.25% 20/04/2018                                      ,ZAR,00000501000.0000
SYGMED,FRB05   ,FIRSTRAND 8.5% 21/12/2018                                   ,ZAR,00000184000.0000
SYGMED,FRBC21  ,FIRSTRAND 12% 21/12/2018 (STEP UP DATE)                     ,ZAR,00000605000.0000
SYGMED,FRX19   ,FIRSTRAND 9.00% 15/11/2019                                  ,ZAR,00000649000.0000
SYGMED,HWAY20  ,SA NATIONAL ROADS AGENCY LTD 9.75% 31/07/2020               ,ZAR,00001982000.0000
SYGMED,IBL46   ,INVESTEC IBL46 7.25% 15/01/2020                             ,ZAR,00000268000.0000
SYGMED,IPL6    ,IMPERIAL GRP 280917                                         ,ZAR,00000556000.0000
SYGMED,IV044   ,INVESTEC BANK LTD FRN 3M JIBAR+31/01/2027                   ,ZAR,00010000000.0000
SYGMED,IV19AM7 ,INVESTEC CPI-LINKED 2.6% 31/03/2028                         ,ZAR,00000305000.0000
SYGMED,LGL04   ,LIBERTY GROUP LIMITED 9.165% 14/08/2020                     ,ZAR,00000329000.0000
SYGMED,NBK11A  ,NEDBANK 8.92% 28/11/2020                                    ,ZAR,00000262000.0000
SYGMED,NBK3A   ,NBK3A NEDBANK LIMITED 11.39% 09/09/2019                     ,ZAR,00000489000.0000
SYGMED,NCLN84  ,NEDBANK ESKOM CLN 3MONTH JIBAR+1.95% 20/03/2024             ,ZAR,00006000000.0000
SYGMED,NED13   ,NEDBANK LTD 3M JIBAR+275 BPS 25/07/2018                     ,ZAR,00002000000.0000
SYGMED,R186    ,R186 REPUBLIC OF SOUTH AFRICA 10.500% 21/12/2026            ,ZAR,00005000000.0000
SYGMED,R204    ,R204 REPUBLIC OF SOUTH AFRICA 8.000% 21/12/2018             ,ZAR,00001000000.0000
SYGMED,R207    ,R207 REPUBLIC OF SOUTH AFRICA 7.250% 15/01/2020             ,ZAR,00005214000.0000
SYGMED,RES38   ,RESILIENT REIT LIMITED 3M JIBAR+180BPS 01/08/2020           ,ZAR,00006000000.0000
SYGMED,RW21    ,RAND WATER 9.97% 21/04/2021                                 ,ZAR,00007000000.0000
SYGMED,SBK14   ,STD FIXED RATE 9.66% CALLABLE 01/12/2017                    ,ZAR,00000876000.0000
SYGMED,SBK9    ,STD 8.4% 100418                                             ,ZAR,00001174000.0000
SYGMED,SIMMB4  ,STANLIB INSTITUTIONAL MONEY MARKET FUND CLASS B4            ,ZAR,00009401481.2200
SYGMED,SIP3    ,STANLIB INSTITUTIONAL PROPERTY FUND (CLASS B3)              ,ZAR,00001316640.2405
SYGMED,TN17    ,TRANSNET LIMITED 17 9.25% 14/11/2017                        ,ZAR,00000034000.0000
SYGMED,TN20    ,TRANSNET LIMITED 10.5% 17/09/2020                           ,ZAR,00000170000.0000
SYGMED,FNBCUR01,FNB CURRENT ACCOUNT                                         ,ZAR,00003302757.9800
SYGMED,FNBCUR01,FNB CURRENT ACCOUNT - Receivables                           ,ZAR,00000015076.4300
TMPEN ,ABKI03M7,AFRICAN BANK LIMITED CPI 3.20% 13/10/2021                   ,ZAR,00005429600.0000
TMPEN ,ABL SENT,AFRICAN BANK SENIOR TRANSFERABLE STUB                       ,ZAR,00000755365.9520
TMPEN ,CBL23   ,CAPITEC BANK LTD 3J+245BPS 18/05/2018                       ,ZAR,00015000000.0000
TMPEN ,DFAFA20D,DARK FIBRE AFRICA 3MJ+4.5% 11/06/2020                       ,ZAR,00008718750.0000
TMPEN ,DFAFA21G,DARK FIBRE AFRICA FACILITY G JB3MTH+350BPS 15/06/2021       ,ZAR,00006900000.0000
TMPEN ,DFAFA22H,DARK FIBRE AFRICA FACILITY H JB3MTH+387.5BPS 15/06/2022     ,ZAR,00008100000.0000
TMPEN ,DFAFAC8B,DARK FIBRE AFRICA 3MJIBAR+3.875% 11/06/2018                 ,ZAR,00010546875.0000
TMPEN ,DFAFAC9C,DARK FIBRE AFRICA 3MJIBAR + 4.25% 11/06/2019                ,ZAR,00012375000.0000
TMPEN ,I2025M7 ,I2025 REPUBLIC OF SOUTH AFRICA 2.000% 31/01/2025            ,ZAR,00062000000.0000
TMPEN ,I2029M7 ,I2029 REPUBLIC OF SOUTH AFRICA 1.875% 31/03/2029            ,ZAR,00020000000.0000
TMPEN ,I2033M7 ,I2033 REPUBLIC OF SOUTH AFRICA 1.875% 28/02/2033            ,ZAR,00001850000.0000
TMPEN ,I2038M7 ,I2038 REPUBLIC OF SOUTH AFRICA 2.250% 31/01/2038            ,ZAR,00024000000.0000
TMPEN ,I2046M7 ,I2046 REPUBLIC OF SOUTH AFRICA 2.500% 31/12/2046            ,ZAR,00043800000.0000
TMPEN ,I2050M7 ,I2050 REPUBLIC OF SOUTH AFRICA 2.500% 31/12/2050            ,ZAR,00028500000.0000
TMPEN ,IV019M7 ,INVESTEC CPI 2.60% 31/03/2028                               ,ZAR,00005000000.0000
TMPEN ,IV045M7 ,INVESTEC BANK LTD CPI-LINKED BOND 2.75% 31/01/2022          ,ZAR,00032000000.0000
TMPEN ,LNDFA1  ,LANDBANK FACILITY A1 3M JIBAR+275BPS 03/12/2021             ,ZAR,00040000000.0000
TMPEN ,OML08   ,OLD MUTUAL LIFE ASSURANCE COMPANY 3M JIBAR+225BPS 14/09/2020,ZAR,00040000000.0000
TMPEN ,PRIMESNA,PRIMEDIA SENIOR NOTE A AMORTISING 3M JIBAR + 400BPS 01/07/20,ZAR,00005895806.8500
TMPEN ,PRIMESNB,PRIMEDIA SENIOR NOTE B BULLET 3M JIBAR + 450BPS 01/07/20    ,ZAR,00029834815.7600
TMPEN ,R197M7  ,R197 REPUBLIC OF SOUTH AFRICA CPI 5.50% 07/12/2023          ,ZAR,00032017000.0000
TMPEN ,R202M7  ,R202 REPUBLIC OF SOUTH AFRICA CPI 3.45% 07/12/2033          ,ZAR,00047550000.0000
TMPEN ,R2032   ,R2032 REPUBLIC OF SOUTH AFRICA 8.250% 31/03/2032            ,ZAR,00005000000.0000
TMPEN ,R2035   ,R2035 REPUBLIC OF SOUTH AFRICA 8.875% 28/02/2035            ,ZAR,00005000000.0000
TMPEN ,R2044   ,R2044 REPUBLIC OF SOUTH AFRICA 8.750% 31/01/2044            ,ZAR,00010000000.0000
TMPEN ,R210M7  ,R210 REPUBLIC OF SOUTH AFRICA CPI 2.60% 31/03/2028          ,ZAR,00054000000.0000
TMPEN ,R212M7  ,R212 REPUBLIC OF SOUTH AFRICA CPI 2.75% 31/01/2022          ,ZAR,00114000000.0000
TMPEN ,SEIAR   ,STANLIB EXTRA INCOME ABIL RETENTION FUND                    ,ZAR,00002962489.4727
TMPEN ,SEIB2   ,STANLIB EXTRA INCOME FUND B2                                ,ZAR,00000672817.4027
TMPEN ,SIB1    ,STANLIB INCOME FUND (CLASS B1)                              ,ZAR,00162089063.2333
TMPEN ,SIMMB4  ,STANLIB INSTITUTIONAL MONEY MARKET FUND CLASS B4            ,ZAR,00000000017.8800
TMPEN ,STIAR   ,STANLIB INCOME ABIL RETENTION FUND                          ,ZAR,00008351500.0167
TMPEN ,TN25    ,TRANSNET LIMITED 9.5% 19/08/2025                            ,ZAR,00025000000.0000
TMPEN ,TUHF01  ,TUHF LIMITED 3M JIBAR+325BPS 26/01/2020                     ,ZAR,00042000000.0000
TMPEN ,STDCUR01,STANDARD BANK ZAR                                           ,ZAR,00000861859.7900
TMPEN ,STDCUR01,STANDARD BANK ZAR - Receivables                             ,ZAR,00025704912.5000
TMPEN ,STDCUR01,STANDARD BANK ZAR - NET SETTLEMENTS                         ,ZAR,-0767113591.2300
TMPSB2,I2033M7 ,I2033 REPUBLIC OF SOUTH AFRICA 1.875% 28/02/2033            ,ZAR,00016000000.0000
TMPSB2,R202M7  ,R202 REPUBLIC OF SOUTH AFRICA CPI 3.45% 07/12/2033          ,ZAR,00017878000.0000
TMPSB2,SEIAR   ,STANLIB EXTRA INCOME ABIL RETENTION FUND                    ,ZAR,00001690653.9260
TMPSB2,SEIB2   ,STANLIB EXTRA INCOME FUND B2                                ,ZAR,00205399431.5880
TMPSB2,STIAR   ,STANLIB INCOME ABIL RETENTION FUND                          ,ZAR,00000794280.8454
TMPSB2,ABSACOL ,ABSA COLLATERAL                                             ,ZAR,00000193006.3900
TMPSB2,STDCUR01,STANDARD BANK ZAR                                           ,ZAR,00002059202.5000
TMPSB2,STDCUR01,STANDARD BANK ZAR - Receivables                             ,ZAR,00107768317.9900
TMPSB2,STDCUR01,STANDARD BANK ZAR - NET SETTLEMENTS                         ,ZAR,-0166353223.2600
TMPSB3,I2033M7 ,I2033 REPUBLIC OF SOUTH AFRICA 1.875% 28/02/2033            ,ZAR,00010000000.0000
TMPSB3,R197M7  ,R197 REPUBLIC OF SOUTH AFRICA CPI 5.50% 07/12/2023          ,ZAR,00054721000.0000
TMPSB3,SEIAR   ,STANLIB EXTRA INCOME ABIL RETENTION FUND                    ,ZAR,00001657971.4984
TMPSB3,SEIB2   ,STANLIB EXTRA INCOME FUND B2                                ,ZAR,00223914925.6025
TMPSB3,SIMMB4  ,STANLIB INSTITUTIONAL MONEY MARKET FUND CLASS B4            ,ZAR,00000000051.8000
TMPSB3,STIAR   ,STANLIB INCOME ABIL RETENTION FUND                          ,ZAR,00000831046.1197
TMPSB3,ABSACOL ,ABSA COLLATERAL                                             ,ZAR,00000120629.0100
TMPSB3,STDCUR01,STANDARD BANK ZAR                                           ,ZAR,00000699924.9300
TMPSB3,STDCUR01,STANDARD BANK ZAR - NET SETTLEMENTS                         ,ZAR,-0171871464.4400
UNIBND,AA05    ,AA05 ANGLO AMERICAN SA FINANCE LTD 9.27% 22/03/2019         ,ZAR,00000250557.0000
UNIBND,AA07    ,ANGLO AMERICAN SA FINANCE LTD 9.49% 15/04/2021              ,ZAR,00000603122.0000
UNIBND,AB013   ,ABSA BANK LIMITED 8.295% 21/11/2018                         ,ZAR,00001875270.0000
UNIBND,ABK2    ,AFRICAN BANK 9.50% 24/05/2018                               ,ZAR,00000042400.0000
UNIBND,ABKI03M7,AFRICAN BANK LIMITED CPI 3.20% 13/10/2021                   ,ZAR,00004080000.0000
UNIBND,ABKS1A  ,AFRICAN BANK LIMITED 3M JIBAR + 725BPS 05/04/2021           ,ZAR,00000560503.3600
UNIBND,ABL SENT,AFRICAN BANK SENIOR TRANSFERABLE STUB                       ,ZAR,00000573092.9270
UNIBND,ABL SUB ,AFRICAN BANK SUBORDINATED STUB                              ,ZAR,00001375489.0000
UNIBND,ABS10   ,ABS10 ABSA BANK LIMITED 9.88% 17/03/2018                    ,ZAR,00000257151.0000
UNIBND,ABS12   ,ABSA BANK LTD 9.26% 14/05/2020                              ,ZAR,00000286949.0000
UNIBND,ABS13A  ,ABSA BANK LTD 9.675% 14/05/2022                             ,ZAR,00000661210.0000
UNIBND,ABS6    ,ABSA 8.20% 01/06/2020                                       ,ZAR,00001660043.0000
UNIBND,ABS7    ,ABSA 8.80% 11/09/2026                                       ,ZAR,00000034922.0000
UNIBND,AIR01   ,AIRPORTS COMPANY OF SOUTH AFRICA 8.58% 15/03/2019           ,ZAR,00000528347.0000
UNIBND,AIR02   ,AIR02 AIRPORTS COMPANY SA LTD 11.68% 30/04/2023             ,ZAR,00000151287.0000
UNIBND,AIR04   ,AIRPORTS COMPANY OF SA 9.25% 29/05/2024                     ,ZAR,00000235950.0000
UNIBND,BAW11   ,BARLOW 9.8% 01/10/2018                                      ,ZAR,00000631389.0000
UNIBND,BAW18   ,BARLOWORLD LIMITED 3MONTH JIBAR+170BPS 05/12/2020           ,ZAR,00000149963.0000
UNIBND,BAW21A  ,BARLOW  WORLD 9.295% 24/03/2022                             ,ZAR,00000088670.0000
UNIBND,CCT01   ,CCT01 CITY OF CAPE TOWN 12.57% 23/06/2023                   ,ZAR,00000005999.0000
UNIBND,CCT02   ,CCT02 CITY OF CAPE TOWN 11.615% 12/06/2024                  ,ZAR,00000372436.0000
UNIBND,CCT03   ,CITY OF CAPE TOWN 11.16% 15/03/2025                         ,ZAR,00002517771.0000
UNIBND,CLN362  ,STANDARD BANK CLN ESKOM 10.55% 20/03/2024                   ,ZAR,00000088670.0000
UNIBND,COJ04   ,CITY OF JHB 9% 05/06/2018                                   ,ZAR,00000587805.0000
UNIBND,COJ07   ,CITY OF JHB 10.78% 23/03/2021                               ,ZAR,00001019692.0000
UNIBND,COJ08   ,CITY OF JOHANNESBURG METROPOLITAN 11.455% 22/06/2026        ,ZAR,00007443909.0000
UNIBND,COJG01  ,CITY OF JHB METRO 10.18% 09/06/2024                         ,ZAR,00002515948.0000
UNIBND,COT01   ,CITY OF TSHWANE 9.110% 03/04/2023                           ,ZAR,00001369093.0000
UNIBND,DV2021  ,DEVELOPMENT BANK OF SA 9.03% 18/06/2021                     ,ZAR,00000669241.0000
UNIBND,DV22    ,DEV BANK 9.45% 15/06/2020                                   ,ZAR,00000757473.0000
UNIBND,DV23    ,DEV BANK 10.00% 27/02/2023                                  ,ZAR,00000008693.0000
UNIBND,DV24    ,DEVELOPMENT BANK OF SA 9.69% 18/02/2024                     ,ZAR,00000495459.0000
UNIBND,DV29    ,DEVELOPMENT BANK OF SA 10.10% 18/02/2029                    ,ZAR,00001509547.0000
UNIBND,E170    ,ESKOM 13.5% 01 AUG 2020                                     ,ZAR,00000002678.0000
UNIBND,EMM06A  ,EKURULNI METROPOLITAN MUNICIPALITY 10.25% 23/06/2025        ,ZAR,00001218800.0000
UNIBND,ES18    ,ESKOM 9.25% 20/04/2018                                      ,ZAR,00000236077.0000
UNIBND,ES23    ,ESKOM 10.00% 25/01/2023                                     ,ZAR,00000364773.0000
UNIBND,ES26    ,ESKOM 7.85% 02/04/2026                                      ,ZAR,00004282227.0000
UNIBND,ES33    ,ESKOM 7.50% 15/09/2033                                      ,ZAR,00008980345.0000
UNIBND,ES42    ,ESKOM 8.5% 25/04/2042                                       ,ZAR,00002408381.0000
UNIBND,FRB05   ,FIRSTRAND 8.5% 21/12/2018                                   ,ZAR,00000414282.0000
UNIBND,FRBC21  ,FIRSTRAND 12% 21/12/2018 (STEP UP DATE)                     ,ZAR,00000027855.0000
UNIBND,FRS49   ,FIRSTRAND JBR+170BPS 27/10/2020                             ,ZAR,00000077786.0000
UNIBND,FRX18   ,FIRSTRAND 10.50% 14/04/2018                                 ,ZAR,00000100663.0000
UNIBND,FRX19   ,FIRSTRAND 9.00% 15/11/2019                                  ,ZAR,00000503067.0000
UNIBND,FRX24   ,FIRSTRAND 10.75% 10/12/2024                                 ,ZAR,00001479202.0000
UNIBND,HWAY20  ,SA NATIONAL ROADS AGENCY LTD 9.75% 31/07/2020               ,ZAR,00000430078.0000
UNIBND,HWAY34  ,SA NATIONAL ROADS AGENCY LTD 9.25% 31/07/2034               ,ZAR,00001234685.0000
UNIBND,IBL45   ,INVESTEC IBL45 8% 21/12/2018                                ,ZAR,00000266010.0000
UNIBND,IBL46   ,INVESTEC IBL46 7.25% 15/01/2020                             ,ZAR,00000524617.0000
UNIBND,IBL49   ,INVESTEC IBL49 7.335% 02/04/2018                            ,ZAR,00000280652.0000
UNIBND,IBL87   ,INVESTEC BANK LIMITED 9.750% 20/05/2019                     ,ZAR,00000007854.0000
UNIBND,IDCG06  ,INDUSTRIAL DEVELOPMENT CORPORATION 9.55% 24/11/2024         ,ZAR,00001199725.0000
UNIBND,IPL6    ,IMPERIAL GRP 280917                                         ,ZAR,00000235351.0000
UNIBND,IV08    ,INVESTEC 13.735% 30/04/2018                                 ,ZAR,00000100664.0000
UNIBND,KW01    ,KOMATI RIVER BASIN AUTHORITY 13.50% 31/10/2027              ,ZAR,00000004466.0000
UNIBND,LGL03   ,LIBERTY GROUP LGL03 03/04/2018                              ,ZAR,00000460957.0000
UNIBND,LGL04   ,LIBERTY GROUP LIMITED 9.165% 14/08/2020                     ,ZAR,00000019730.0000
UNIBND,MMIG02A ,MMI GROUP LTD 10.065% 17/03/2021                            ,ZAR,00001036673.0000
UNIBND,MMIG05  ,MMI GROUP LTD 10.86% 12/08/2022                             ,ZAR,00000845596.0000
UNIBND,NBK11A  ,NEDBANK 8.92% 28/11/2020                                    ,ZAR,00000000060.0000
UNIBND,NBK16A  ,NEDBANK LIMITED 9.440% 12/02/2025                           ,ZAR,00000730800.0000
UNIBND,NBK20A  ,NEDBANK 10.36% 01/06/2026                                   ,ZAR,00002411746.0000
UNIBND,NBK29A  ,NEDBANK LIMITED 10.50% 31/07/2026                           ,ZAR,00002601366.0000
UNIBND,NBK3A   ,NBK3A NEDBANK LIMITED 11.39% 09/09/2019                     ,ZAR,00000877533.0000
UNIBND,NCLN85  ,NEDBANK ESKOM CLN 10.49% 20/03/2024                         ,ZAR,00000106404.0000
UNIBND,NMP20N  ,NAMIBIA POWER CORP LTD - 24/07/2020                         ,ZAR,00000078381.0000
UNIBND,NRA018  ,SA NATIONAL ROADS AGENCY LTD 12.25% 30/11/2018              ,ZAR,00000387994.0000
UNIBND,NRA022  ,SA NATIONAL ROADS AGENCY LTD 12.25% 31/10/2022              ,ZAR,00001622042.0000
UNIBND,NRA028  ,SA NATIONAL ROADS AGENCY LTD 12.25% 30/11/2028              ,ZAR,00000980010.0000
UNIBND,OML05   ,OLD MUTUAL LIFE ASSURANCE COMPANY LTD 9.76% 19/03/2020      ,ZAR,00000365814.0000
UNIBND,OML06   ,OLD MUTUAL LIFE ASSURANCE COMPANY LTD 10.32% 19/03/2022     ,ZAR,00000584458.0000
UNIBND,OML09   ,OLD MUTUAL LIFE ASSURANCE COMPANY LTD 10.90% 14/09/2022     ,ZAR,00000686075.0000
UNIBND,OML10   ,OLD MUTUAL LIFE ASSURANCE COMPANY LTD 11.35% 14/09/2025     ,ZAR,00001305010.0000
UNIBND,R186    ,R186 REPUBLIC OF SOUTH AFRICA 10.500% 21/12/2026            ,ZAR,00012716681.0000
UNIBND,R2023   ,R2023 REPUBLIC OF SOUTH AFRICA 7.750% 28/02/2023            ,ZAR,00000806052.0000
UNIBND,R203    ,R203 REPUBLIC OF SOUTH AFRICA 8.250% 15/09/2017             ,ZAR,00000127187.0000
UNIBND,R2030   ,R2030 REPUBLIC OF SOUTH AFRICA 8.000% 31/01/2030            ,ZAR,00000967242.0000
UNIBND,R2032   ,R2032 REPUBLIC OF SOUTH AFRICA 8.250% 31/03/2032            ,ZAR,00012903994.0000
UNIBND,R2035   ,R2035 REPUBLIC OF SOUTH AFRICA 8.875% 28/02/2035            ,ZAR,00011139519.0000
UNIBND,R2037   ,R2037 REPUBLIC OF SOUTH AFRICA 8.500% 31/01/2037            ,ZAR,00021524475.0000
UNIBND,R204    ,R204 REPUBLIC OF SOUTH AFRICA 8.000% 21/12/2018             ,ZAR,00000072091.0000
UNIBND,R2040   ,R2040 REPUBLIC OF SOUTH AFRICA 9.000% 31/01/2040            ,ZAR,00046187013.0000
UNIBND,R2044   ,R2044 REPUBLIC OF SOUTH AFRICA 8.750% 31/01/2044            ,ZAR,00065591117.0000
UNIBND,R2048   ,R2048 REPUBLIC OF SOUTH AFRICA 8.750% 28/02/2048            ,ZAR,00010479865.0000
UNIBND,R207    ,R207 REPUBLIC OF SOUTH AFRICA 7.250% 15/01/2020             ,ZAR,00000273056.0000
UNIBND,R208    ,R208 REPUBLIC OF SOUTH AFRICA 6.750% 31/03/2021             ,ZAR,00000340762.0000
UNIBND,R209    ,R209 REPUBLIC OF SOUTH AFRICA 6.250% 31/03/2036             ,ZAR,00008266670.0000
UNIBND,R213A   ,R213 REPUBLIC OF SOUTH AFRICA 7.000% 28/02/2031             ,ZAR,00002214928.0000
UNIBND,R214    ,R214 REPUBLIC OF SOUTH AFRICA 7.000% 28/02/2031             ,ZAR,00011877155.0000
UNIBND,RW21    ,RAND WATER 9.97% 21/04/2021                                 ,ZAR,00000073625.0000
UNIBND,RW23    ,RAND WATER 9.51% 10/12/2023                                 ,ZAR,00001375767.0000
UNIBND,RW28    ,RAND WATER 10.245% 10/12/2028                               ,ZAR,00002402936.0000
UNIBND,SBK14   ,STD FIXED RATE 9.66% CALLABLE 01/12/2017                    ,ZAR,00000158518.0000
UNIBND,SBK9    ,STD 8.4% 100418                                             ,ZAR,00000603658.0000
UNIBND,SBLB1   ,STANLIB INFLATION LINKED BOND FUND CLASS B1                 ,ZAR,00111662670.1356
UNIBND,SBS13   ,SBS13 STANDARD BANK OF SA 8.9% 22/09/2017                   ,ZAR,00000217922.0000
UNIBND,SBS19   ,SBS19 STANDARD BANK OF SA 10.18% 23/06/2021                 ,ZAR,00000088679.0000
UNIBND,SBS20B  ,STD LIMITED 10.05% 15/05/2026                               ,ZAR,00002006481.0000
UNIBND,SBS25   ,STD BANK LIMITED 8.87% 24/05/2019                           ,ZAR,00000294066.0000
UNIBND,SBS27   ,STANDARD BANK LTD 10.13% 20/02/2024                         ,ZAR,00002675508.0000
UNIBND,SBS3    ,STD 8.2% 25/05/2026                                         ,ZAR,00001810526.0000
UNIBND,SBS31   ,STANDARD BANK LTD 9.785% 12/06/2027                         ,ZAR,00005068307.0000
UNIBND,SBS4    ,STD 8.60% 16/11/2021                                        ,ZAR,00000882852.0000
UNIBND,SBS42   ,STD BANK 10.64% 12/11/2025                                  ,ZAR,00002572780.0000
UNIBND,SIMMB4  ,STANLIB INSTITUTIONAL MONEY MARKET FUND CLASS B4            ,ZAR,00001391830.2200
UNIBND,SLI3    ,SANLAM 8.7% 15/08/2018                                      ,ZAR,00000174744.0000
UNIBND,SNT01   ,SANTAM LTD 8% 150917 - STEP UP 15/09/2022                   ,ZAR,00000000930.0000
UNIBND,SSA05   ,SAPPI SOUTHERN AFRICA 3MONTH JIBAR+150BPS 16/04/2018        ,ZAR,00000027910.0000
UNIBND,SZ25    ,SA NATIONAL ROADS AGENCY LTD 9% 30/09/2025                  ,ZAR,00000227950.0000
UNIBND,TN17    ,TRANSNET LIMITED 17 9.25% 14/11/2017                        ,ZAR,00000488450.0000
UNIBND,TN20    ,TRANSNET LIMITED 10.5% 17/09/2020                           ,ZAR,00000779023.0000
UNIBND,TN23    ,TRANSNET LIMITED 10.80% 06/11/2023                          ,ZAR,00000821107.0000
UNIBND,TN25    ,TRANSNET LIMITED 9.5% 19/08/2025                            ,ZAR,00001386738.0000
UNIBND,TN27    ,TRANSNET LIMITED 8.90% 14/11/2027                           ,ZAR,00001178979.0000
UNIBND,UG21    ,UMGENI 10.70% 020321                                        ,ZAR,00000488984.0000
UNIBND,UG26    ,UG26 UMGENI WATER 11.31% 09/03/2026                         ,ZAR,00003947787.0000
UNIBND,WSP5    ,TRANS CALEDON 9% 28/05/2021                                 ,ZAR,00000316916.0000
UNIBND,NEDBANK ,NEDBANK CURRENT                                             ,ZAR,00000663379.9700
UNIBND,NEDBANK ,NEDBANK CURRENT - Receivables                               ,ZAR,00007384680.7500
UNIBND,NEDBANK ,NEDBANK CURRENT - NET SETTLEMENTS                           ,ZAR,-0007491804.5000
UWRBND,I2038M7 ,I2038 REPUBLIC OF SOUTH AFRICA 2.250% 31/01/2038            ,ZAR,00244400000.0000
UWRBND,SEIAR   ,STANLIB EXTRA INCOME ABIL RETENTION FUND                    ,ZAR,00000000067.8110
UWRBND,SEIB2   ,STANLIB EXTRA INCOME FUND B2                                ,ZAR,00000000202.8696
UWRBND,STDCUR01,STANDARD BANK ZAR                                           ,ZAR,00002800230.5500
XCOAL ,SEIAR   ,STANLIB EXTRA INCOME ABIL RETENTION FUND                    ,ZAR,00003989172.8014
XCOAL ,SEIB2   ,STANLIB EXTRA INCOME FUND B2                                ,ZAR,00000286197.4991
XCOAL ,SIB1    ,STANLIB INCOME FUND (CLASS B1)                              ,ZAR,00000204525.5465
XCOAL ,STIAR   ,STANLIB INCOME ABIL RETENTION FUND                          ,ZAR,00004850296.2571
XCOAL ,STDCUR01,STANDARD BANK ZAR                                           ,ZAR,00000014726.0200
